[
{
    "pk": 1, 
    "model": "catalog.category", 
    "fields": {
        "name": "Arts/Culture/History"
    }
},
{
    "pk": 2, 
    "model": "catalog.category", 
    "fields": {
        "name": "Business and economy"
    }
},
{
    "pk": 3, 
    "model": "catalog.category", 
    "fields": {
        "name": "Government spending and taxes"
    }
},
{
    "pk": 4, 
    "model": "catalog.category", 
    "fields": {
        "name": "Communications"
    }
},
{
    "pk": 5, 
    "model": "catalog.category", 
    "fields": {
        "name": "Courts and prisons"
    }
},
{
    "pk": 6, 
    "model": "catalog.category", 
    "fields": {
        "name": "Crime, fire and public safety"
    }
},
{
    "pk": 7, 
    "model": "catalog.category", 
    "fields": {
        "name": "Education"
    }
},
{
    "pk": 8, 
    "model": "catalog.category", 
    "fields": {
        "name": "Energy and utilities"
    }
},
{
    "pk": 9, 
    "model": "catalog.category", 
    "fields": {
        "name": "Elections, voting and lobbying"
    }
},
{
    "pk": 10, 
    "model": "catalog.category", 
    "fields": {
        "name": "Environment and natural resources"
    }
},
{
    "pk": 11, 
    "model": "catalog.category", 
    "fields": {
        "name": "Health"
    }
},
{
    "pk": 12, 
    "model": "catalog.category", 
    "fields": {
        "name": "Jobs, employment and occupations"
    }
},
{
    "pk": 13, 
    "model": "catalog.category", 
    "fields": {
        "name": "Parks and recreation"
    }
},
{
    "pk": 14, 
    "model": "catalog.category", 
    "fields": {
        "name": "Permits"
    }
},
{
    "pk": 15, 
    "model": "catalog.category", 
    "fields": {
        "name": "Planning and zoning"
    }
},
{
    "pk": 16, 
    "model": "catalog.category", 
    "fields": {
        "name": "Property/real estate"
    }
},
{
    "pk": 17, 
    "model": "catalog.category", 
    "fields": {
        "name": "Social services"
    }
},
{
    "pk": 18, 
    "model": "catalog.category", 
    "fields": {
        "name": "Transportation and motor vehicles"
    }
},
{
    "pk": 1, 
    "model": "catalog.city", 
    "fields": {
        "name": "Aberdeen"
    }
},
{
    "pk": 2, 
    "model": "catalog.city", 
    "fields": {
        "name": "Ahoskie"
    }
},
{
    "pk": 3, 
    "model": "catalog.city", 
    "fields": {
        "name": "Alamance"
    }
},
{
    "pk": 4, 
    "model": "catalog.city", 
    "fields": {
        "name": "Albemarle"
    }
},
{
    "pk": 5, 
    "model": "catalog.city", 
    "fields": {
        "name": "Alliance"
    }
},
{
    "pk": 6, 
    "model": "catalog.city", 
    "fields": {
        "name": "Andrews"
    }
},
{
    "pk": 7, 
    "model": "catalog.city", 
    "fields": {
        "name": "Angier"
    }
},
{
    "pk": 8, 
    "model": "catalog.city", 
    "fields": {
        "name": "Ansonville"
    }
},
{
    "pk": 9, 
    "model": "catalog.city", 
    "fields": {
        "name": "Apex"
    }
},
{
    "pk": 10, 
    "model": "catalog.city", 
    "fields": {
        "name": "Arapahoe"
    }
},
{
    "pk": 11, 
    "model": "catalog.city", 
    "fields": {
        "name": "Archdale"
    }
},
{
    "pk": 12, 
    "model": "catalog.city", 
    "fields": {
        "name": "Archer Lodge"
    }
},
{
    "pk": 13, 
    "model": "catalog.city", 
    "fields": {
        "name": "Asheboro"
    }
},
{
    "pk": 14, 
    "model": "catalog.city", 
    "fields": {
        "name": "Asheville"
    }
},
{
    "pk": 15, 
    "model": "catalog.city", 
    "fields": {
        "name": "Askewville"
    }
},
{
    "pk": 16, 
    "model": "catalog.city", 
    "fields": {
        "name": "Atkinson"
    }
},
{
    "pk": 17, 
    "model": "catalog.city", 
    "fields": {
        "name": "Atlantic Beach"
    }
},
{
    "pk": 18, 
    "model": "catalog.city", 
    "fields": {
        "name": "Aulander"
    }
},
{
    "pk": 19, 
    "model": "catalog.city", 
    "fields": {
        "name": "Aurora"
    }
},
{
    "pk": 20, 
    "model": "catalog.city", 
    "fields": {
        "name": "Autryville"
    }
},
{
    "pk": 21, 
    "model": "catalog.city", 
    "fields": {
        "name": "Ayden"
    }
},
{
    "pk": 22, 
    "model": "catalog.city", 
    "fields": {
        "name": "Badin"
    }
},
{
    "pk": 23, 
    "model": "catalog.city", 
    "fields": {
        "name": "Bailey"
    }
},
{
    "pk": 24, 
    "model": "catalog.city", 
    "fields": {
        "name": "Bakersville"
    }
},
{
    "pk": 25, 
    "model": "catalog.city", 
    "fields": {
        "name": "Bald Head Island"
    }
},
{
    "pk": 26, 
    "model": "catalog.city", 
    "fields": {
        "name": "Banner Elk"
    }
},
{
    "pk": 27, 
    "model": "catalog.city", 
    "fields": {
        "name": "Bath"
    }
},
{
    "pk": 28, 
    "model": "catalog.city", 
    "fields": {
        "name": "Bayboro"
    }
},
{
    "pk": 29, 
    "model": "catalog.city", 
    "fields": {
        "name": "Bear Grass"
    }
},
{
    "pk": 30, 
    "model": "catalog.city", 
    "fields": {
        "name": "Beaufort"
    }
},
{
    "pk": 31, 
    "model": "catalog.city", 
    "fields": {
        "name": "Beech Mountain"
    }
},
{
    "pk": 32, 
    "model": "catalog.city", 
    "fields": {
        "name": "Belhaven"
    }
},
{
    "pk": 33, 
    "model": "catalog.city", 
    "fields": {
        "name": "Belmont"
    }
},
{
    "pk": 34, 
    "model": "catalog.city", 
    "fields": {
        "name": "Belville"
    }
},
{
    "pk": 35, 
    "model": "catalog.city", 
    "fields": {
        "name": "Belwood"
    }
},
{
    "pk": 36, 
    "model": "catalog.city", 
    "fields": {
        "name": "Benson"
    }
},
{
    "pk": 37, 
    "model": "catalog.city", 
    "fields": {
        "name": "Bermuda Run"
    }
},
{
    "pk": 38, 
    "model": "catalog.city", 
    "fields": {
        "name": "Bessemer City"
    }
},
{
    "pk": 39, 
    "model": "catalog.city", 
    "fields": {
        "name": "Bethania"
    }
},
{
    "pk": 40, 
    "model": "catalog.city", 
    "fields": {
        "name": "Bethel"
    }
},
{
    "pk": 41, 
    "model": "catalog.city", 
    "fields": {
        "name": "Beulaville"
    }
},
{
    "pk": 42, 
    "model": "catalog.city", 
    "fields": {
        "name": "Biltmore Forest"
    }
},
{
    "pk": 43, 
    "model": "catalog.city", 
    "fields": {
        "name": "Biscoe"
    }
},
{
    "pk": 44, 
    "model": "catalog.city", 
    "fields": {
        "name": "Black Creek"
    }
},
{
    "pk": 45, 
    "model": "catalog.city", 
    "fields": {
        "name": "Black Mountain"
    }
},
{
    "pk": 46, 
    "model": "catalog.city", 
    "fields": {
        "name": "Bladenboro"
    }
},
{
    "pk": 47, 
    "model": "catalog.city", 
    "fields": {
        "name": "Blowing Rock"
    }
},
{
    "pk": 48, 
    "model": "catalog.city", 
    "fields": {
        "name": "Boardman"
    }
},
{
    "pk": 49, 
    "model": "catalog.city", 
    "fields": {
        "name": "Bogue"
    }
},
{
    "pk": 50, 
    "model": "catalog.city", 
    "fields": {
        "name": "Boiling Spring Lakes"
    }
},
{
    "pk": 51, 
    "model": "catalog.city", 
    "fields": {
        "name": "Boiling Springs"
    }
},
{
    "pk": 52, 
    "model": "catalog.city", 
    "fields": {
        "name": "Bolivia"
    }
},
{
    "pk": 53, 
    "model": "catalog.city", 
    "fields": {
        "name": "Bolton"
    }
},
{
    "pk": 54, 
    "model": "catalog.city", 
    "fields": {
        "name": "Boone"
    }
},
{
    "pk": 55, 
    "model": "catalog.city", 
    "fields": {
        "name": "Boonville"
    }
},
{
    "pk": 56, 
    "model": "catalog.city", 
    "fields": {
        "name": "Bostic"
    }
},
{
    "pk": 57, 
    "model": "catalog.city", 
    "fields": {
        "name": "Brevard"
    }
},
{
    "pk": 58, 
    "model": "catalog.city", 
    "fields": {
        "name": "Bridgeton"
    }
},
{
    "pk": 59, 
    "model": "catalog.city", 
    "fields": {
        "name": "Broadway"
    }
},
{
    "pk": 60, 
    "model": "catalog.city", 
    "fields": {
        "name": "Brookford"
    }
},
{
    "pk": 61, 
    "model": "catalog.city", 
    "fields": {
        "name": "Brunswick"
    }
},
{
    "pk": 62, 
    "model": "catalog.city", 
    "fields": {
        "name": "Bryson City"
    }
},
{
    "pk": 63, 
    "model": "catalog.city", 
    "fields": {
        "name": "Bunn"
    }
},
{
    "pk": 64, 
    "model": "catalog.city", 
    "fields": {
        "name": "Burgaw"
    }
},
{
    "pk": 65, 
    "model": "catalog.city", 
    "fields": {
        "name": "Burlington"
    }
},
{
    "pk": 66, 
    "model": "catalog.city", 
    "fields": {
        "name": "Burnsville"
    }
},
{
    "pk": 67, 
    "model": "catalog.city", 
    "fields": {
        "name": "Butner"
    }
},
{
    "pk": 68, 
    "model": "catalog.city", 
    "fields": {
        "name": "Cajah's Mountain"
    }
},
{
    "pk": 69, 
    "model": "catalog.city", 
    "fields": {
        "name": "Calabash"
    }
},
{
    "pk": 70, 
    "model": "catalog.city", 
    "fields": {
        "name": "Calypso"
    }
},
{
    "pk": 71, 
    "model": "catalog.city", 
    "fields": {
        "name": "Cameron"
    }
},
{
    "pk": 72, 
    "model": "catalog.city", 
    "fields": {
        "name": "Candor"
    }
},
{
    "pk": 73, 
    "model": "catalog.city", 
    "fields": {
        "name": "Canton"
    }
},
{
    "pk": 74, 
    "model": "catalog.city", 
    "fields": {
        "name": "Cape Carteret"
    }
},
{
    "pk": 75, 
    "model": "catalog.city", 
    "fields": {
        "name": "Carolina Beach"
    }
},
{
    "pk": 76, 
    "model": "catalog.city", 
    "fields": {
        "name": "Carolina Shores"
    }
},
{
    "pk": 77, 
    "model": "catalog.city", 
    "fields": {
        "name": "Carrboro"
    }
},
{
    "pk": 78, 
    "model": "catalog.city", 
    "fields": {
        "name": "Carthage"
    }
},
{
    "pk": 79, 
    "model": "catalog.city", 
    "fields": {
        "name": "Cary"
    }
},
{
    "pk": 80, 
    "model": "catalog.city", 
    "fields": {
        "name": "Casar"
    }
},
{
    "pk": 81, 
    "model": "catalog.city", 
    "fields": {
        "name": "Castalia"
    }
},
{
    "pk": 82, 
    "model": "catalog.city", 
    "fields": {
        "name": "Caswell Beach"
    }
},
{
    "pk": 83, 
    "model": "catalog.city", 
    "fields": {
        "name": "Catawba"
    }
},
{
    "pk": 84, 
    "model": "catalog.city", 
    "fields": {
        "name": "Cedar Point"
    }
},
{
    "pk": 85, 
    "model": "catalog.city", 
    "fields": {
        "name": "Cedar Rock"
    }
},
{
    "pk": 86, 
    "model": "catalog.city", 
    "fields": {
        "name": "Centerville"
    }
},
{
    "pk": 87, 
    "model": "catalog.city", 
    "fields": {
        "name": "Cerro Gordo"
    }
},
{
    "pk": 88, 
    "model": "catalog.city", 
    "fields": {
        "name": "Chadbourn"
    }
},
{
    "pk": 89, 
    "model": "catalog.city", 
    "fields": {
        "name": "Chapel Hill"
    }
},
{
    "pk": 90, 
    "model": "catalog.city", 
    "fields": {
        "name": "Charlotte"
    }
},
{
    "pk": 91, 
    "model": "catalog.city", 
    "fields": {
        "name": "Cherryville"
    }
},
{
    "pk": 92, 
    "model": "catalog.city", 
    "fields": {
        "name": "Chimney Rock Village"
    }
},
{
    "pk": 93, 
    "model": "catalog.city", 
    "fields": {
        "name": "China Grove"
    }
},
{
    "pk": 94, 
    "model": "catalog.city", 
    "fields": {
        "name": "Chocowinity"
    }
},
{
    "pk": 95, 
    "model": "catalog.city", 
    "fields": {
        "name": "Claremont"
    }
},
{
    "pk": 96, 
    "model": "catalog.city", 
    "fields": {
        "name": "Clarkton"
    }
},
{
    "pk": 97, 
    "model": "catalog.city", 
    "fields": {
        "name": "Clayton"
    }
},
{
    "pk": 98, 
    "model": "catalog.city", 
    "fields": {
        "name": "Clemmons"
    }
},
{
    "pk": 99, 
    "model": "catalog.city", 
    "fields": {
        "name": "Cleveland"
    }
},
{
    "pk": 100, 
    "model": "catalog.city", 
    "fields": {
        "name": "Clinton"
    }
},
{
    "pk": 101, 
    "model": "catalog.city", 
    "fields": {
        "name": "Clyde"
    }
},
{
    "pk": 102, 
    "model": "catalog.city", 
    "fields": {
        "name": "Coats"
    }
},
{
    "pk": 103, 
    "model": "catalog.city", 
    "fields": {
        "name": "Cofield"
    }
},
{
    "pk": 104, 
    "model": "catalog.city", 
    "fields": {
        "name": "Colerain"
    }
},
{
    "pk": 105, 
    "model": "catalog.city", 
    "fields": {
        "name": "Columbia"
    }
},
{
    "pk": 106, 
    "model": "catalog.city", 
    "fields": {
        "name": "Columbus"
    }
},
{
    "pk": 107, 
    "model": "catalog.city", 
    "fields": {
        "name": "Como"
    }
},
{
    "pk": 108, 
    "model": "catalog.city", 
    "fields": {
        "name": "Concord"
    }
},
{
    "pk": 109, 
    "model": "catalog.city", 
    "fields": {
        "name": "Conetoe"
    }
},
{
    "pk": 110, 
    "model": "catalog.city", 
    "fields": {
        "name": "Connelly Springs"
    }
},
{
    "pk": 111, 
    "model": "catalog.city", 
    "fields": {
        "name": "Conover"
    }
},
{
    "pk": 112, 
    "model": "catalog.city", 
    "fields": {
        "name": "Conway"
    }
},
{
    "pk": 113, 
    "model": "catalog.city", 
    "fields": {
        "name": "Cooleemee"
    }
},
{
    "pk": 114, 
    "model": "catalog.city", 
    "fields": {
        "name": "Cornelius"
    }
},
{
    "pk": 115, 
    "model": "catalog.city", 
    "fields": {
        "name": "Cove City"
    }
},
{
    "pk": 116, 
    "model": "catalog.city", 
    "fields": {
        "name": "Cramerton"
    }
},
{
    "pk": 117, 
    "model": "catalog.city", 
    "fields": {
        "name": "Creedmoor"
    }
},
{
    "pk": 118, 
    "model": "catalog.city", 
    "fields": {
        "name": "Creswell"
    }
},
{
    "pk": 119, 
    "model": "catalog.city", 
    "fields": {
        "name": "Crossnore"
    }
},
{
    "pk": 120, 
    "model": "catalog.city", 
    "fields": {
        "name": "Dallas"
    }
},
{
    "pk": 121, 
    "model": "catalog.city", 
    "fields": {
        "name": "Danbury"
    }
},
{
    "pk": 122, 
    "model": "catalog.city", 
    "fields": {
        "name": "Davidson"
    }
},
{
    "pk": 123, 
    "model": "catalog.city", 
    "fields": {
        "name": "Denton"
    }
},
{
    "pk": 124, 
    "model": "catalog.city", 
    "fields": {
        "name": "Dillsboro"
    }
},
{
    "pk": 125, 
    "model": "catalog.city", 
    "fields": {
        "name": "Dobbins Heights"
    }
},
{
    "pk": 126, 
    "model": "catalog.city", 
    "fields": {
        "name": "Dobson"
    }
},
{
    "pk": 127, 
    "model": "catalog.city", 
    "fields": {
        "name": "Dortches"
    }
},
{
    "pk": 128, 
    "model": "catalog.city", 
    "fields": {
        "name": "Dover"
    }
},
{
    "pk": 129, 
    "model": "catalog.city", 
    "fields": {
        "name": "Drexel"
    }
},
{
    "pk": 130, 
    "model": "catalog.city", 
    "fields": {
        "name": "Dublin"
    }
},
{
    "pk": 131, 
    "model": "catalog.city", 
    "fields": {
        "name": "Duck"
    }
},
{
    "pk": 132, 
    "model": "catalog.city", 
    "fields": {
        "name": "Dunn"
    }
},
{
    "pk": 133, 
    "model": "catalog.city", 
    "fields": {
        "name": "Durham"
    }
},
{
    "pk": 134, 
    "model": "catalog.city", 
    "fields": {
        "name": "Earl"
    }
},
{
    "pk": 135, 
    "model": "catalog.city", 
    "fields": {
        "name": "East Arcadia"
    }
},
{
    "pk": 136, 
    "model": "catalog.city", 
    "fields": {
        "name": "East Bend"
    }
},
{
    "pk": 137, 
    "model": "catalog.city", 
    "fields": {
        "name": "East Laurinburg"
    }
},
{
    "pk": 138, 
    "model": "catalog.city", 
    "fields": {
        "name": "East Spencer"
    }
},
{
    "pk": 139, 
    "model": "catalog.city", 
    "fields": {
        "name": "Eastover"
    }
},
{
    "pk": 140, 
    "model": "catalog.city", 
    "fields": {
        "name": "Eden"
    }
},
{
    "pk": 141, 
    "model": "catalog.city", 
    "fields": {
        "name": "Edenton"
    }
},
{
    "pk": 142, 
    "model": "catalog.city", 
    "fields": {
        "name": "Elizabeth City"
    }
},
{
    "pk": 143, 
    "model": "catalog.city", 
    "fields": {
        "name": "Elizabethtown"
    }
},
{
    "pk": 144, 
    "model": "catalog.city", 
    "fields": {
        "name": "Elk Park"
    }
},
{
    "pk": 145, 
    "model": "catalog.city", 
    "fields": {
        "name": "Elkin"
    }
},
{
    "pk": 146, 
    "model": "catalog.city", 
    "fields": {
        "name": "Ellenboro"
    }
},
{
    "pk": 147, 
    "model": "catalog.city", 
    "fields": {
        "name": "Ellerbe"
    }
},
{
    "pk": 148, 
    "model": "catalog.city", 
    "fields": {
        "name": "Elm City"
    }
},
{
    "pk": 149, 
    "model": "catalog.city", 
    "fields": {
        "name": "Elon"
    }
},
{
    "pk": 150, 
    "model": "catalog.city", 
    "fields": {
        "name": "Emerald Isle"
    }
},
{
    "pk": 151, 
    "model": "catalog.city", 
    "fields": {
        "name": "Enfield"
    }
},
{
    "pk": 152, 
    "model": "catalog.city", 
    "fields": {
        "name": "Erwin"
    }
},
{
    "pk": 153, 
    "model": "catalog.city", 
    "fields": {
        "name": "Eureka"
    }
},
{
    "pk": 154, 
    "model": "catalog.city", 
    "fields": {
        "name": "Everetts"
    }
},
{
    "pk": 155, 
    "model": "catalog.city", 
    "fields": {
        "name": "Fair Bluff"
    }
},
{
    "pk": 156, 
    "model": "catalog.city", 
    "fields": {
        "name": "Fairmont"
    }
},
{
    "pk": 157, 
    "model": "catalog.city", 
    "fields": {
        "name": "Fairview"
    }
},
{
    "pk": 158, 
    "model": "catalog.city", 
    "fields": {
        "name": "Faison"
    }
},
{
    "pk": 159, 
    "model": "catalog.city", 
    "fields": {
        "name": "Faith"
    }
},
{
    "pk": 160, 
    "model": "catalog.city", 
    "fields": {
        "name": "Falcon"
    }
},
{
    "pk": 161, 
    "model": "catalog.city", 
    "fields": {
        "name": "Falkland"
    }
},
{
    "pk": 162, 
    "model": "catalog.city", 
    "fields": {
        "name": "Fallston"
    }
},
{
    "pk": 163, 
    "model": "catalog.city", 
    "fields": {
        "name": "Farmville"
    }
},
{
    "pk": 164, 
    "model": "catalog.city", 
    "fields": {
        "name": "Fayetteville"
    }
},
{
    "pk": 165, 
    "model": "catalog.city", 
    "fields": {
        "name": "Flat Rock"
    }
},
{
    "pk": 166, 
    "model": "catalog.city", 
    "fields": {
        "name": "Fletcher"
    }
},
{
    "pk": 167, 
    "model": "catalog.city", 
    "fields": {
        "name": "Fontana Dam"
    }
},
{
    "pk": 168, 
    "model": "catalog.city", 
    "fields": {
        "name": "Forest City"
    }
},
{
    "pk": 169, 
    "model": "catalog.city", 
    "fields": {
        "name": "Forest Hills"
    }
},
{
    "pk": 170, 
    "model": "catalog.city", 
    "fields": {
        "name": "Fountain"
    }
},
{
    "pk": 171, 
    "model": "catalog.city", 
    "fields": {
        "name": "Four Oaks"
    }
},
{
    "pk": 172, 
    "model": "catalog.city", 
    "fields": {
        "name": "Foxfire Village"
    }
},
{
    "pk": 173, 
    "model": "catalog.city", 
    "fields": {
        "name": "Franklin"
    }
},
{
    "pk": 174, 
    "model": "catalog.city", 
    "fields": {
        "name": "Franklinton"
    }
},
{
    "pk": 175, 
    "model": "catalog.city", 
    "fields": {
        "name": "Franklinville"
    }
},
{
    "pk": 176, 
    "model": "catalog.city", 
    "fields": {
        "name": "Fremont"
    }
},
{
    "pk": 177, 
    "model": "catalog.city", 
    "fields": {
        "name": "Fuquay-Varina"
    }
},
{
    "pk": 178, 
    "model": "catalog.city", 
    "fields": {
        "name": "Gamewell"
    }
},
{
    "pk": 179, 
    "model": "catalog.city", 
    "fields": {
        "name": "Garland"
    }
},
{
    "pk": 180, 
    "model": "catalog.city", 
    "fields": {
        "name": "Garner"
    }
},
{
    "pk": 181, 
    "model": "catalog.city", 
    "fields": {
        "name": "Garysburg"
    }
},
{
    "pk": 182, 
    "model": "catalog.city", 
    "fields": {
        "name": "Gaston"
    }
},
{
    "pk": 183, 
    "model": "catalog.city", 
    "fields": {
        "name": "Gastonia"
    }
},
{
    "pk": 184, 
    "model": "catalog.city", 
    "fields": {
        "name": "Gatesville"
    }
},
{
    "pk": 185, 
    "model": "catalog.city", 
    "fields": {
        "name": "Gibson"
    }
},
{
    "pk": 186, 
    "model": "catalog.city", 
    "fields": {
        "name": "Gibsonville"
    }
},
{
    "pk": 187, 
    "model": "catalog.city", 
    "fields": {
        "name": "Glen Alpine"
    }
},
{
    "pk": 188, 
    "model": "catalog.city", 
    "fields": {
        "name": "Godwin"
    }
},
{
    "pk": 189, 
    "model": "catalog.city", 
    "fields": {
        "name": "Goldsboro"
    }
},
{
    "pk": 190, 
    "model": "catalog.city", 
    "fields": {
        "name": "Goldston"
    }
},
{
    "pk": 191, 
    "model": "catalog.city", 
    "fields": {
        "name": "Graham"
    }
},
{
    "pk": 192, 
    "model": "catalog.city", 
    "fields": {
        "name": "Grandfather Village"
    }
},
{
    "pk": 193, 
    "model": "catalog.city", 
    "fields": {
        "name": "Granite Falls"
    }
},
{
    "pk": 194, 
    "model": "catalog.city", 
    "fields": {
        "name": "Granite Quarry"
    }
},
{
    "pk": 195, 
    "model": "catalog.city", 
    "fields": {
        "name": "Grantsboro"
    }
},
{
    "pk": 196, 
    "model": "catalog.city", 
    "fields": {
        "name": "Green Level"
    }
},
{
    "pk": 197, 
    "model": "catalog.city", 
    "fields": {
        "name": "Greenevers"
    }
},
{
    "pk": 198, 
    "model": "catalog.city", 
    "fields": {
        "name": "Greensboro"
    }
},
{
    "pk": 199, 
    "model": "catalog.city", 
    "fields": {
        "name": "Greenville"
    }
},
{
    "pk": 200, 
    "model": "catalog.city", 
    "fields": {
        "name": "Grifton"
    }
},
{
    "pk": 201, 
    "model": "catalog.city", 
    "fields": {
        "name": "Grimesland"
    }
},
{
    "pk": 202, 
    "model": "catalog.city", 
    "fields": {
        "name": "Grover"
    }
},
{
    "pk": 203, 
    "model": "catalog.city", 
    "fields": {
        "name": "Halifax"
    }
},
{
    "pk": 204, 
    "model": "catalog.city", 
    "fields": {
        "name": "Hamilton"
    }
},
{
    "pk": 205, 
    "model": "catalog.city", 
    "fields": {
        "name": "Hamlet"
    }
},
{
    "pk": 206, 
    "model": "catalog.city", 
    "fields": {
        "name": "Harmony"
    }
},
{
    "pk": 207, 
    "model": "catalog.city", 
    "fields": {
        "name": "Harrells"
    }
},
{
    "pk": 208, 
    "model": "catalog.city", 
    "fields": {
        "name": "Harrellsville"
    }
},
{
    "pk": 209, 
    "model": "catalog.city", 
    "fields": {
        "name": "Harrisburg"
    }
},
{
    "pk": 210, 
    "model": "catalog.city", 
    "fields": {
        "name": "Hassell"
    }
},
{
    "pk": 211, 
    "model": "catalog.city", 
    "fields": {
        "name": "Havelock"
    }
},
{
    "pk": 212, 
    "model": "catalog.city", 
    "fields": {
        "name": "Haw River"
    }
},
{
    "pk": 213, 
    "model": "catalog.city", 
    "fields": {
        "name": "Hayesville"
    }
},
{
    "pk": 214, 
    "model": "catalog.city", 
    "fields": {
        "name": "Hemby Bridge"
    }
},
{
    "pk": 215, 
    "model": "catalog.city", 
    "fields": {
        "name": "Henderson"
    }
},
{
    "pk": 216, 
    "model": "catalog.city", 
    "fields": {
        "name": "Hendersonville"
    }
},
{
    "pk": 217, 
    "model": "catalog.city", 
    "fields": {
        "name": "Hertford"
    }
},
{
    "pk": 218, 
    "model": "catalog.city", 
    "fields": {
        "name": "Hickory"
    }
},
{
    "pk": 219, 
    "model": "catalog.city", 
    "fields": {
        "name": "High Point"
    }
},
{
    "pk": 220, 
    "model": "catalog.city", 
    "fields": {
        "name": "High Shoals"
    }
},
{
    "pk": 221, 
    "model": "catalog.city", 
    "fields": {
        "name": "Highlands"
    }
},
{
    "pk": 222, 
    "model": "catalog.city", 
    "fields": {
        "name": "Hildebran"
    }
},
{
    "pk": 223, 
    "model": "catalog.city", 
    "fields": {
        "name": "Hillsborough"
    }
},
{
    "pk": 224, 
    "model": "catalog.city", 
    "fields": {
        "name": "Hobgood"
    }
},
{
    "pk": 225, 
    "model": "catalog.city", 
    "fields": {
        "name": "Hoffman"
    }
},
{
    "pk": 226, 
    "model": "catalog.city", 
    "fields": {
        "name": "Holden Beach"
    }
},
{
    "pk": 227, 
    "model": "catalog.city", 
    "fields": {
        "name": "Holly Ridge"
    }
},
{
    "pk": 228, 
    "model": "catalog.city", 
    "fields": {
        "name": "Holly Springs"
    }
},
{
    "pk": 229, 
    "model": "catalog.city", 
    "fields": {
        "name": "Hookerton"
    }
},
{
    "pk": 230, 
    "model": "catalog.city", 
    "fields": {
        "name": "Hope Mills"
    }
},
{
    "pk": 231, 
    "model": "catalog.city", 
    "fields": {
        "name": "Hot Springs"
    }
},
{
    "pk": 232, 
    "model": "catalog.city", 
    "fields": {
        "name": "Hudson"
    }
},
{
    "pk": 233, 
    "model": "catalog.city", 
    "fields": {
        "name": "Huntersville"
    }
},
{
    "pk": 234, 
    "model": "catalog.city", 
    "fields": {
        "name": "Indian Beach"
    }
},
{
    "pk": 235, 
    "model": "catalog.city", 
    "fields": {
        "name": "Indian Trail"
    }
},
{
    "pk": 236, 
    "model": "catalog.city", 
    "fields": {
        "name": "Jackson"
    }
},
{
    "pk": 237, 
    "model": "catalog.city", 
    "fields": {
        "name": "Jacksonville"
    }
},
{
    "pk": 238, 
    "model": "catalog.city", 
    "fields": {
        "name": "Jamestown"
    }
},
{
    "pk": 239, 
    "model": "catalog.city", 
    "fields": {
        "name": "Jamesville"
    }
},
{
    "pk": 240, 
    "model": "catalog.city", 
    "fields": {
        "name": "Jefferson"
    }
},
{
    "pk": 241, 
    "model": "catalog.city", 
    "fields": {
        "name": "Jonesville"
    }
},
{
    "pk": 242, 
    "model": "catalog.city", 
    "fields": {
        "name": "Kannapolis"
    }
},
{
    "pk": 243, 
    "model": "catalog.city", 
    "fields": {
        "name": "Kelford"
    }
},
{
    "pk": 244, 
    "model": "catalog.city", 
    "fields": {
        "name": "Kenansville"
    }
},
{
    "pk": 245, 
    "model": "catalog.city", 
    "fields": {
        "name": "Kenly"
    }
},
{
    "pk": 246, 
    "model": "catalog.city", 
    "fields": {
        "name": "Kernersville"
    }
},
{
    "pk": 247, 
    "model": "catalog.city", 
    "fields": {
        "name": "Kill Devil Hills"
    }
},
{
    "pk": 248, 
    "model": "catalog.city", 
    "fields": {
        "name": "King"
    }
},
{
    "pk": 249, 
    "model": "catalog.city", 
    "fields": {
        "name": "Kings Mountain"
    }
},
{
    "pk": 250, 
    "model": "catalog.city", 
    "fields": {
        "name": "Kingstown"
    }
},
{
    "pk": 251, 
    "model": "catalog.city", 
    "fields": {
        "name": "Kinston"
    }
},
{
    "pk": 252, 
    "model": "catalog.city", 
    "fields": {
        "name": "Kittrell"
    }
},
{
    "pk": 253, 
    "model": "catalog.city", 
    "fields": {
        "name": "Kitty Hawk"
    }
},
{
    "pk": 254, 
    "model": "catalog.city", 
    "fields": {
        "name": "Knightdale"
    }
},
{
    "pk": 255, 
    "model": "catalog.city", 
    "fields": {
        "name": "Kure Beach"
    }
},
{
    "pk": 256, 
    "model": "catalog.city", 
    "fields": {
        "name": "La Grange"
    }
},
{
    "pk": 257, 
    "model": "catalog.city", 
    "fields": {
        "name": "Lake Lure"
    }
},
{
    "pk": 258, 
    "model": "catalog.city", 
    "fields": {
        "name": "Lake Park"
    }
},
{
    "pk": 259, 
    "model": "catalog.city", 
    "fields": {
        "name": "Lake Santeetlah"
    }
},
{
    "pk": 260, 
    "model": "catalog.city", 
    "fields": {
        "name": "Lake Waccamaw"
    }
},
{
    "pk": 261, 
    "model": "catalog.city", 
    "fields": {
        "name": "Landis"
    }
},
{
    "pk": 262, 
    "model": "catalog.city", 
    "fields": {
        "name": "Lansing"
    }
},
{
    "pk": 263, 
    "model": "catalog.city", 
    "fields": {
        "name": "Lasker"
    }
},
{
    "pk": 264, 
    "model": "catalog.city", 
    "fields": {
        "name": "Lattimore"
    }
},
{
    "pk": 265, 
    "model": "catalog.city", 
    "fields": {
        "name": "Laurel Park"
    }
},
{
    "pk": 266, 
    "model": "catalog.city", 
    "fields": {
        "name": "Laurinburg"
    }
},
{
    "pk": 267, 
    "model": "catalog.city", 
    "fields": {
        "name": "Lawndale"
    }
},
{
    "pk": 268, 
    "model": "catalog.city", 
    "fields": {
        "name": "Leggett"
    }
},
{
    "pk": 269, 
    "model": "catalog.city", 
    "fields": {
        "name": "Leland"
    }
},
{
    "pk": 270, 
    "model": "catalog.city", 
    "fields": {
        "name": "Lenoir"
    }
},
{
    "pk": 271, 
    "model": "catalog.city", 
    "fields": {
        "name": "Lewiston Woodville"
    }
},
{
    "pk": 272, 
    "model": "catalog.city", 
    "fields": {
        "name": "Lewisville"
    }
},
{
    "pk": 273, 
    "model": "catalog.city", 
    "fields": {
        "name": "Lexington"
    }
},
{
    "pk": 274, 
    "model": "catalog.city", 
    "fields": {
        "name": "Liberty"
    }
},
{
    "pk": 275, 
    "model": "catalog.city", 
    "fields": {
        "name": "Lilesville"
    }
},
{
    "pk": 276, 
    "model": "catalog.city", 
    "fields": {
        "name": "Lillington"
    }
},
{
    "pk": 277, 
    "model": "catalog.city", 
    "fields": {
        "name": "Lincolnton"
    }
},
{
    "pk": 278, 
    "model": "catalog.city", 
    "fields": {
        "name": "Linden"
    }
},
{
    "pk": 279, 
    "model": "catalog.city", 
    "fields": {
        "name": "Littleton"
    }
},
{
    "pk": 280, 
    "model": "catalog.city", 
    "fields": {
        "name": "Locust"
    }
},
{
    "pk": 281, 
    "model": "catalog.city", 
    "fields": {
        "name": "Long View"
    }
},
{
    "pk": 282, 
    "model": "catalog.city", 
    "fields": {
        "name": "Louisburg"
    }
},
{
    "pk": 283, 
    "model": "catalog.city", 
    "fields": {
        "name": "Love Valley"
    }
},
{
    "pk": 284, 
    "model": "catalog.city", 
    "fields": {
        "name": "Lowell"
    }
},
{
    "pk": 285, 
    "model": "catalog.city", 
    "fields": {
        "name": "Lucama"
    }
},
{
    "pk": 286, 
    "model": "catalog.city", 
    "fields": {
        "name": "Lumber Bridge"
    }
},
{
    "pk": 287, 
    "model": "catalog.city", 
    "fields": {
        "name": "Lumberton"
    }
},
{
    "pk": 288, 
    "model": "catalog.city", 
    "fields": {
        "name": "Macclesfield"
    }
},
{
    "pk": 289, 
    "model": "catalog.city", 
    "fields": {
        "name": "Macon"
    }
},
{
    "pk": 290, 
    "model": "catalog.city", 
    "fields": {
        "name": "Madison"
    }
},
{
    "pk": 291, 
    "model": "catalog.city", 
    "fields": {
        "name": "Maggie Valley"
    }
},
{
    "pk": 292, 
    "model": "catalog.city", 
    "fields": {
        "name": "Magnolia"
    }
},
{
    "pk": 293, 
    "model": "catalog.city", 
    "fields": {
        "name": "Maiden"
    }
},
{
    "pk": 294, 
    "model": "catalog.city", 
    "fields": {
        "name": "Manteo"
    }
},
{
    "pk": 295, 
    "model": "catalog.city", 
    "fields": {
        "name": "Marietta"
    }
},
{
    "pk": 296, 
    "model": "catalog.city", 
    "fields": {
        "name": "Marion"
    }
},
{
    "pk": 297, 
    "model": "catalog.city", 
    "fields": {
        "name": "Mars Hill"
    }
},
{
    "pk": 298, 
    "model": "catalog.city", 
    "fields": {
        "name": "Marshall"
    }
},
{
    "pk": 299, 
    "model": "catalog.city", 
    "fields": {
        "name": "Marshville"
    }
},
{
    "pk": 300, 
    "model": "catalog.city", 
    "fields": {
        "name": "Marvin"
    }
},
{
    "pk": 301, 
    "model": "catalog.city", 
    "fields": {
        "name": "Matthews"
    }
},
{
    "pk": 302, 
    "model": "catalog.city", 
    "fields": {
        "name": "Maxton"
    }
},
{
    "pk": 303, 
    "model": "catalog.city", 
    "fields": {
        "name": "Mayodan"
    }
},
{
    "pk": 304, 
    "model": "catalog.city", 
    "fields": {
        "name": "Maysville"
    }
},
{
    "pk": 305, 
    "model": "catalog.city", 
    "fields": {
        "name": "McAdenville"
    }
},
{
    "pk": 306, 
    "model": "catalog.city", 
    "fields": {
        "name": "McDonald"
    }
},
{
    "pk": 307, 
    "model": "catalog.city", 
    "fields": {
        "name": "McFarlan"
    }
},
{
    "pk": 308, 
    "model": "catalog.city", 
    "fields": {
        "name": "Mebane"
    }
},
{
    "pk": 309, 
    "model": "catalog.city", 
    "fields": {
        "name": "Mesic"
    }
},
{
    "pk": 310, 
    "model": "catalog.city", 
    "fields": {
        "name": "Micro"
    }
},
{
    "pk": 311, 
    "model": "catalog.city", 
    "fields": {
        "name": "Middleburg"
    }
},
{
    "pk": 312, 
    "model": "catalog.city", 
    "fields": {
        "name": "Middlesex"
    }
},
{
    "pk": 313, 
    "model": "catalog.city", 
    "fields": {
        "name": "Midland"
    }
},
{
    "pk": 314, 
    "model": "catalog.city", 
    "fields": {
        "name": "Midway"
    }
},
{
    "pk": 315, 
    "model": "catalog.city", 
    "fields": {
        "name": "Mills River"
    }
},
{
    "pk": 316, 
    "model": "catalog.city", 
    "fields": {
        "name": "Milton"
    }
},
{
    "pk": 317, 
    "model": "catalog.city", 
    "fields": {
        "name": "Mineral Springs"
    }
},
{
    "pk": 318, 
    "model": "catalog.city", 
    "fields": {
        "name": "Minnesott Beach"
    }
},
{
    "pk": 319, 
    "model": "catalog.city", 
    "fields": {
        "name": "Mint Hill"
    }
},
{
    "pk": 320, 
    "model": "catalog.city", 
    "fields": {
        "name": "Misenheimer"
    }
},
{
    "pk": 321, 
    "model": "catalog.city", 
    "fields": {
        "name": "Mocksville"
    }
},
{
    "pk": 322, 
    "model": "catalog.city", 
    "fields": {
        "name": "Momeyer"
    }
},
{
    "pk": 323, 
    "model": "catalog.city", 
    "fields": {
        "name": "Monroe"
    }
},
{
    "pk": 324, 
    "model": "catalog.city", 
    "fields": {
        "name": "Montreat"
    }
},
{
    "pk": 325, 
    "model": "catalog.city", 
    "fields": {
        "name": "Mooresboro"
    }
},
{
    "pk": 326, 
    "model": "catalog.city", 
    "fields": {
        "name": "Mooresville"
    }
},
{
    "pk": 327, 
    "model": "catalog.city", 
    "fields": {
        "name": "Morehead City"
    }
},
{
    "pk": 328, 
    "model": "catalog.city", 
    "fields": {
        "name": "Morganton"
    }
},
{
    "pk": 329, 
    "model": "catalog.city", 
    "fields": {
        "name": "Morrisville"
    }
},
{
    "pk": 330, 
    "model": "catalog.city", 
    "fields": {
        "name": "Morven"
    }
},
{
    "pk": 331, 
    "model": "catalog.city", 
    "fields": {
        "name": "Mount Airy"
    }
},
{
    "pk": 332, 
    "model": "catalog.city", 
    "fields": {
        "name": "Mount Gilead"
    }
},
{
    "pk": 333, 
    "model": "catalog.city", 
    "fields": {
        "name": "Mount Holly"
    }
},
{
    "pk": 334, 
    "model": "catalog.city", 
    "fields": {
        "name": "Mount Olive"
    }
},
{
    "pk": 335, 
    "model": "catalog.city", 
    "fields": {
        "name": "Mount Pleasant"
    }
},
{
    "pk": 336, 
    "model": "catalog.city", 
    "fields": {
        "name": "Murfreesboro"
    }
},
{
    "pk": 337, 
    "model": "catalog.city", 
    "fields": {
        "name": "Murphy"
    }
},
{
    "pk": 338, 
    "model": "catalog.city", 
    "fields": {
        "name": "Nags Head"
    }
},
{
    "pk": 339, 
    "model": "catalog.city", 
    "fields": {
        "name": "Nashville"
    }
},
{
    "pk": 340, 
    "model": "catalog.city", 
    "fields": {
        "name": "Navassa"
    }
},
{
    "pk": 341, 
    "model": "catalog.city", 
    "fields": {
        "name": "New Bern"
    }
},
{
    "pk": 342, 
    "model": "catalog.city", 
    "fields": {
        "name": "New London"
    }
},
{
    "pk": 343, 
    "model": "catalog.city", 
    "fields": {
        "name": "Newland"
    }
},
{
    "pk": 344, 
    "model": "catalog.city", 
    "fields": {
        "name": "Newport"
    }
},
{
    "pk": 345, 
    "model": "catalog.city", 
    "fields": {
        "name": "Newton"
    }
},
{
    "pk": 346, 
    "model": "catalog.city", 
    "fields": {
        "name": "Newton Grove"
    }
},
{
    "pk": 347, 
    "model": "catalog.city", 
    "fields": {
        "name": "Norlina"
    }
},
{
    "pk": 348, 
    "model": "catalog.city", 
    "fields": {
        "name": "Norman"
    }
},
{
    "pk": 349, 
    "model": "catalog.city", 
    "fields": {
        "name": "North Topsail Beach"
    }
},
{
    "pk": 350, 
    "model": "catalog.city", 
    "fields": {
        "name": "North Wilkesboro"
    }
},
{
    "pk": 351, 
    "model": "catalog.city", 
    "fields": {
        "name": "Northwest"
    }
},
{
    "pk": 352, 
    "model": "catalog.city", 
    "fields": {
        "name": "Norwood"
    }
},
{
    "pk": 353, 
    "model": "catalog.city", 
    "fields": {
        "name": "Oak City"
    }
},
{
    "pk": 354, 
    "model": "catalog.city", 
    "fields": {
        "name": "Oak Island"
    }
},
{
    "pk": 355, 
    "model": "catalog.city", 
    "fields": {
        "name": "Oak Ridge"
    }
},
{
    "pk": 356, 
    "model": "catalog.city", 
    "fields": {
        "name": "Oakboro"
    }
},
{
    "pk": 357, 
    "model": "catalog.city", 
    "fields": {
        "name": "Ocean Isle Beach"
    }
},
{
    "pk": 358, 
    "model": "catalog.city", 
    "fields": {
        "name": "Old Fort"
    }
},
{
    "pk": 359, 
    "model": "catalog.city", 
    "fields": {
        "name": "Oriental"
    }
},
{
    "pk": 360, 
    "model": "catalog.city", 
    "fields": {
        "name": "Orrum"
    }
},
{
    "pk": 361, 
    "model": "catalog.city", 
    "fields": {
        "name": "Ossipee"
    }
},
{
    "pk": 362, 
    "model": "catalog.city", 
    "fields": {
        "name": "Oxford"
    }
},
{
    "pk": 363, 
    "model": "catalog.city", 
    "fields": {
        "name": "Pantego"
    }
},
{
    "pk": 364, 
    "model": "catalog.city", 
    "fields": {
        "name": "Parkton"
    }
},
{
    "pk": 365, 
    "model": "catalog.city", 
    "fields": {
        "name": "Parmele"
    }
},
{
    "pk": 366, 
    "model": "catalog.city", 
    "fields": {
        "name": "Patterson Springs"
    }
},
{
    "pk": 367, 
    "model": "catalog.city", 
    "fields": {
        "name": "Peachland"
    }
},
{
    "pk": 368, 
    "model": "catalog.city", 
    "fields": {
        "name": "Peletier"
    }
},
{
    "pk": 369, 
    "model": "catalog.city", 
    "fields": {
        "name": "Pembroke"
    }
},
{
    "pk": 370, 
    "model": "catalog.city", 
    "fields": {
        "name": "Pikeville"
    }
},
{
    "pk": 371, 
    "model": "catalog.city", 
    "fields": {
        "name": "Pilot Mountain"
    }
},
{
    "pk": 372, 
    "model": "catalog.city", 
    "fields": {
        "name": "Pine Knoll Shores"
    }
},
{
    "pk": 373, 
    "model": "catalog.city", 
    "fields": {
        "name": "Pine Level"
    }
},
{
    "pk": 374, 
    "model": "catalog.city", 
    "fields": {
        "name": "Pinebluff"
    }
},
{
    "pk": 375, 
    "model": "catalog.city", 
    "fields": {
        "name": "Pinehurst"
    }
},
{
    "pk": 376, 
    "model": "catalog.city", 
    "fields": {
        "name": "Pinetops"
    }
},
{
    "pk": 377, 
    "model": "catalog.city", 
    "fields": {
        "name": "Pineville"
    }
},
{
    "pk": 378, 
    "model": "catalog.city", 
    "fields": {
        "name": "Pink Hill"
    }
},
{
    "pk": 379, 
    "model": "catalog.city", 
    "fields": {
        "name": "Pittsboro"
    }
},
{
    "pk": 380, 
    "model": "catalog.city", 
    "fields": {
        "name": "Pleasant Garden"
    }
},
{
    "pk": 381, 
    "model": "catalog.city", 
    "fields": {
        "name": "Plymouth"
    }
},
{
    "pk": 382, 
    "model": "catalog.city", 
    "fields": {
        "name": "Polkton"
    }
},
{
    "pk": 383, 
    "model": "catalog.city", 
    "fields": {
        "name": "Polkville"
    }
},
{
    "pk": 384, 
    "model": "catalog.city", 
    "fields": {
        "name": "Pollocksville"
    }
},
{
    "pk": 385, 
    "model": "catalog.city", 
    "fields": {
        "name": "Powellsville"
    }
},
{
    "pk": 386, 
    "model": "catalog.city", 
    "fields": {
        "name": "Princeton"
    }
},
{
    "pk": 387, 
    "model": "catalog.city", 
    "fields": {
        "name": "Princeville"
    }
},
{
    "pk": 388, 
    "model": "catalog.city", 
    "fields": {
        "name": "Proctorville"
    }
},
{
    "pk": 389, 
    "model": "catalog.city", 
    "fields": {
        "name": "Raeford"
    }
},
{
    "pk": 390, 
    "model": "catalog.city", 
    "fields": {
        "name": "Raleigh"
    }
},
{
    "pk": 391, 
    "model": "catalog.city", 
    "fields": {
        "name": "Ramseur"
    }
},
{
    "pk": 392, 
    "model": "catalog.city", 
    "fields": {
        "name": "Randleman"
    }
},
{
    "pk": 393, 
    "model": "catalog.city", 
    "fields": {
        "name": "Ranlo"
    }
},
{
    "pk": 394, 
    "model": "catalog.city", 
    "fields": {
        "name": "Raynham"
    }
},
{
    "pk": 395, 
    "model": "catalog.city", 
    "fields": {
        "name": "Red Cross"
    }
},
{
    "pk": 396, 
    "model": "catalog.city", 
    "fields": {
        "name": "Red Oak"
    }
},
{
    "pk": 397, 
    "model": "catalog.city", 
    "fields": {
        "name": "Red Springs"
    }
},
{
    "pk": 398, 
    "model": "catalog.city", 
    "fields": {
        "name": "Reidsville"
    }
},
{
    "pk": 399, 
    "model": "catalog.city", 
    "fields": {
        "name": "Rennert"
    }
},
{
    "pk": 400, 
    "model": "catalog.city", 
    "fields": {
        "name": "Rhodhiss"
    }
},
{
    "pk": 401, 
    "model": "catalog.city", 
    "fields": {
        "name": "Rich Square"
    }
},
{
    "pk": 402, 
    "model": "catalog.city", 
    "fields": {
        "name": "Richfield"
    }
},
{
    "pk": 403, 
    "model": "catalog.city", 
    "fields": {
        "name": "Richlands"
    }
},
{
    "pk": 404, 
    "model": "catalog.city", 
    "fields": {
        "name": "River Bend"
    }
},
{
    "pk": 405, 
    "model": "catalog.city", 
    "fields": {
        "name": "Roanoke Rapids"
    }
},
{
    "pk": 406, 
    "model": "catalog.city", 
    "fields": {
        "name": "Robbins"
    }
},
{
    "pk": 407, 
    "model": "catalog.city", 
    "fields": {
        "name": "Robbinsville"
    }
},
{
    "pk": 408, 
    "model": "catalog.city", 
    "fields": {
        "name": "Robersonville"
    }
},
{
    "pk": 409, 
    "model": "catalog.city", 
    "fields": {
        "name": "Rockingham"
    }
},
{
    "pk": 410, 
    "model": "catalog.city", 
    "fields": {
        "name": "Rockwell"
    }
},
{
    "pk": 411, 
    "model": "catalog.city", 
    "fields": {
        "name": "Rocky Mount"
    }
},
{
    "pk": 412, 
    "model": "catalog.city", 
    "fields": {
        "name": "Rolesville"
    }
},
{
    "pk": 413, 
    "model": "catalog.city", 
    "fields": {
        "name": "Ronda"
    }
},
{
    "pk": 414, 
    "model": "catalog.city", 
    "fields": {
        "name": "Roper"
    }
},
{
    "pk": 415, 
    "model": "catalog.city", 
    "fields": {
        "name": "Rose Hill"
    }
},
{
    "pk": 416, 
    "model": "catalog.city", 
    "fields": {
        "name": "Roseboro"
    }
},
{
    "pk": 417, 
    "model": "catalog.city", 
    "fields": {
        "name": "Rosman"
    }
},
{
    "pk": 418, 
    "model": "catalog.city", 
    "fields": {
        "name": "Rowland"
    }
},
{
    "pk": 419, 
    "model": "catalog.city", 
    "fields": {
        "name": "Roxboro"
    }
},
{
    "pk": 420, 
    "model": "catalog.city", 
    "fields": {
        "name": "Roxobel"
    }
},
{
    "pk": 421, 
    "model": "catalog.city", 
    "fields": {
        "name": "Rural Hall"
    }
},
{
    "pk": 422, 
    "model": "catalog.city", 
    "fields": {
        "name": "Ruth"
    }
},
{
    "pk": 423, 
    "model": "catalog.city", 
    "fields": {
        "name": "Rutherford College"
    }
},
{
    "pk": 424, 
    "model": "catalog.city", 
    "fields": {
        "name": "Rutherfordton"
    }
},
{
    "pk": 425, 
    "model": "catalog.city", 
    "fields": {
        "name": "Saint Helena"
    }
},
{
    "pk": 426, 
    "model": "catalog.city", 
    "fields": {
        "name": "Saint Pauls"
    }
},
{
    "pk": 427, 
    "model": "catalog.city", 
    "fields": {
        "name": "Salemburg"
    }
},
{
    "pk": 428, 
    "model": "catalog.city", 
    "fields": {
        "name": "Salisbury"
    }
},
{
    "pk": 429, 
    "model": "catalog.city", 
    "fields": {
        "name": "Saluda"
    }
},
{
    "pk": 430, 
    "model": "catalog.city", 
    "fields": {
        "name": "Sandy Creek"
    }
},
{
    "pk": 431, 
    "model": "catalog.city", 
    "fields": {
        "name": "Sandyfield"
    }
},
{
    "pk": 432, 
    "model": "catalog.city", 
    "fields": {
        "name": "Sanford"
    }
},
{
    "pk": 433, 
    "model": "catalog.city", 
    "fields": {
        "name": "Saratoga"
    }
},
{
    "pk": 434, 
    "model": "catalog.city", 
    "fields": {
        "name": "Sawmills"
    }
},
{
    "pk": 435, 
    "model": "catalog.city", 
    "fields": {
        "name": "Scotland Neck"
    }
},
{
    "pk": 436, 
    "model": "catalog.city", 
    "fields": {
        "name": "Seaboard"
    }
},
{
    "pk": 437, 
    "model": "catalog.city", 
    "fields": {
        "name": "Seagrove"
    }
},
{
    "pk": 438, 
    "model": "catalog.city", 
    "fields": {
        "name": "Sedalia"
    }
},
{
    "pk": 439, 
    "model": "catalog.city", 
    "fields": {
        "name": "Selma"
    }
},
{
    "pk": 440, 
    "model": "catalog.city", 
    "fields": {
        "name": "Seven Devils"
    }
},
{
    "pk": 441, 
    "model": "catalog.city", 
    "fields": {
        "name": "Seven Springs"
    }
},
{
    "pk": 442, 
    "model": "catalog.city", 
    "fields": {
        "name": "Severn"
    }
},
{
    "pk": 443, 
    "model": "catalog.city", 
    "fields": {
        "name": "Shallotte"
    }
},
{
    "pk": 444, 
    "model": "catalog.city", 
    "fields": {
        "name": "Sharpsburg"
    }
},
{
    "pk": 445, 
    "model": "catalog.city", 
    "fields": {
        "name": "Shelby"
    }
},
{
    "pk": 446, 
    "model": "catalog.city", 
    "fields": {
        "name": "Siler City"
    }
},
{
    "pk": 447, 
    "model": "catalog.city", 
    "fields": {
        "name": "Simpson"
    }
},
{
    "pk": 448, 
    "model": "catalog.city", 
    "fields": {
        "name": "Sims"
    }
},
{
    "pk": 449, 
    "model": "catalog.city", 
    "fields": {
        "name": "Smithfield"
    }
},
{
    "pk": 450, 
    "model": "catalog.city", 
    "fields": {
        "name": "Snow Hill"
    }
},
{
    "pk": 451, 
    "model": "catalog.city", 
    "fields": {
        "name": "Southern Pines"
    }
},
{
    "pk": 452, 
    "model": "catalog.city", 
    "fields": {
        "name": "Southern Shores"
    }
},
{
    "pk": 453, 
    "model": "catalog.city", 
    "fields": {
        "name": "Southport"
    }
},
{
    "pk": 454, 
    "model": "catalog.city", 
    "fields": {
        "name": "Sparta"
    }
},
{
    "pk": 455, 
    "model": "catalog.city", 
    "fields": {
        "name": "Speed"
    }
},
{
    "pk": 456, 
    "model": "catalog.city", 
    "fields": {
        "name": "Spencer"
    }
},
{
    "pk": 457, 
    "model": "catalog.city", 
    "fields": {
        "name": "Spencer Mountain"
    }
},
{
    "pk": 458, 
    "model": "catalog.city", 
    "fields": {
        "name": "Spindale"
    }
},
{
    "pk": 459, 
    "model": "catalog.city", 
    "fields": {
        "name": "Spring Hope"
    }
},
{
    "pk": 460, 
    "model": "catalog.city", 
    "fields": {
        "name": "Spring Lake"
    }
},
{
    "pk": 461, 
    "model": "catalog.city", 
    "fields": {
        "name": "Spruce Pine"
    }
},
{
    "pk": 462, 
    "model": "catalog.city", 
    "fields": {
        "name": "St. James"
    }
},
{
    "pk": 463, 
    "model": "catalog.city", 
    "fields": {
        "name": "Staley"
    }
},
{
    "pk": 464, 
    "model": "catalog.city", 
    "fields": {
        "name": "Stallings"
    }
},
{
    "pk": 465, 
    "model": "catalog.city", 
    "fields": {
        "name": "Stanfield"
    }
},
{
    "pk": 466, 
    "model": "catalog.city", 
    "fields": {
        "name": "Stanley"
    }
},
{
    "pk": 467, 
    "model": "catalog.city", 
    "fields": {
        "name": "Stantonsburg"
    }
},
{
    "pk": 468, 
    "model": "catalog.city", 
    "fields": {
        "name": "Star"
    }
},
{
    "pk": 469, 
    "model": "catalog.city", 
    "fields": {
        "name": "Statesville"
    }
},
{
    "pk": 470, 
    "model": "catalog.city", 
    "fields": {
        "name": "Stedman"
    }
},
{
    "pk": 471, 
    "model": "catalog.city", 
    "fields": {
        "name": "Stem"
    }
},
{
    "pk": 472, 
    "model": "catalog.city", 
    "fields": {
        "name": "Stokesdale"
    }
},
{
    "pk": 473, 
    "model": "catalog.city", 
    "fields": {
        "name": "Stoneville"
    }
},
{
    "pk": 474, 
    "model": "catalog.city", 
    "fields": {
        "name": "Stonewall"
    }
},
{
    "pk": 475, 
    "model": "catalog.city", 
    "fields": {
        "name": "Stovall"
    }
},
{
    "pk": 476, 
    "model": "catalog.city", 
    "fields": {
        "name": "Sugar Mountain"
    }
},
{
    "pk": 477, 
    "model": "catalog.city", 
    "fields": {
        "name": "Summerfield"
    }
},
{
    "pk": 478, 
    "model": "catalog.city", 
    "fields": {
        "name": "Sunset Beach"
    }
},
{
    "pk": 479, 
    "model": "catalog.city", 
    "fields": {
        "name": "Surf City"
    }
},
{
    "pk": 480, 
    "model": "catalog.city", 
    "fields": {
        "name": "Swansboro"
    }
},
{
    "pk": 481, 
    "model": "catalog.city", 
    "fields": {
        "name": "Swepsonville"
    }
},
{
    "pk": 482, 
    "model": "catalog.city", 
    "fields": {
        "name": "Sylva"
    }
},
{
    "pk": 483, 
    "model": "catalog.city", 
    "fields": {
        "name": "Tabor City"
    }
},
{
    "pk": 484, 
    "model": "catalog.city", 
    "fields": {
        "name": "Tar Heel"
    }
},
{
    "pk": 485, 
    "model": "catalog.city", 
    "fields": {
        "name": "Tarboro"
    }
},
{
    "pk": 486, 
    "model": "catalog.city", 
    "fields": {
        "name": "Taylorsville"
    }
},
{
    "pk": 487, 
    "model": "catalog.city", 
    "fields": {
        "name": "Taylortown"
    }
},
{
    "pk": 488, 
    "model": "catalog.city", 
    "fields": {
        "name": "Teachey"
    }
},
{
    "pk": 489, 
    "model": "catalog.city", 
    "fields": {
        "name": "Thomasville"
    }
},
{
    "pk": 490, 
    "model": "catalog.city", 
    "fields": {
        "name": "Tobaccoville"
    }
},
{
    "pk": 491, 
    "model": "catalog.city", 
    "fields": {
        "name": "Topsail Beach"
    }
},
{
    "pk": 492, 
    "model": "catalog.city", 
    "fields": {
        "name": "Trent Woods"
    }
},
{
    "pk": 493, 
    "model": "catalog.city", 
    "fields": {
        "name": "Trenton"
    }
},
{
    "pk": 494, 
    "model": "catalog.city", 
    "fields": {
        "name": "Trinity"
    }
},
{
    "pk": 495, 
    "model": "catalog.city", 
    "fields": {
        "name": "Troutman"
    }
},
{
    "pk": 496, 
    "model": "catalog.city", 
    "fields": {
        "name": "Troy"
    }
},
{
    "pk": 497, 
    "model": "catalog.city", 
    "fields": {
        "name": "Tryon"
    }
},
{
    "pk": 498, 
    "model": "catalog.city", 
    "fields": {
        "name": "Turkey"
    }
},
{
    "pk": 499, 
    "model": "catalog.city", 
    "fields": {
        "name": "Unionville"
    }
},
{
    "pk": 500, 
    "model": "catalog.city", 
    "fields": {
        "name": "Valdese"
    }
},
{
    "pk": 501, 
    "model": "catalog.city", 
    "fields": {
        "name": "Vanceboro"
    }
},
{
    "pk": 502, 
    "model": "catalog.city", 
    "fields": {
        "name": "Vandemere"
    }
},
{
    "pk": 503, 
    "model": "catalog.city", 
    "fields": {
        "name": "Varnamtown"
    }
},
{
    "pk": 504, 
    "model": "catalog.city", 
    "fields": {
        "name": "Vass"
    }
},
{
    "pk": 505, 
    "model": "catalog.city", 
    "fields": {
        "name": "Waco"
    }
},
{
    "pk": 506, 
    "model": "catalog.city", 
    "fields": {
        "name": "Wade"
    }
},
{
    "pk": 507, 
    "model": "catalog.city", 
    "fields": {
        "name": "Wadesboro"
    }
},
{
    "pk": 508, 
    "model": "catalog.city", 
    "fields": {
        "name": "Wagram"
    }
},
{
    "pk": 509, 
    "model": "catalog.city", 
    "fields": {
        "name": "Wake Forest"
    }
},
{
    "pk": 510, 
    "model": "catalog.city", 
    "fields": {
        "name": "Walkertown"
    }
},
{
    "pk": 511, 
    "model": "catalog.city", 
    "fields": {
        "name": "Wallace"
    }
},
{
    "pk": 512, 
    "model": "catalog.city", 
    "fields": {
        "name": "Wallburg"
    }
},
{
    "pk": 513, 
    "model": "catalog.city", 
    "fields": {
        "name": "Walnut Cove"
    }
},
{
    "pk": 514, 
    "model": "catalog.city", 
    "fields": {
        "name": "Walnut Creek"
    }
},
{
    "pk": 515, 
    "model": "catalog.city", 
    "fields": {
        "name": "Walstonburg"
    }
},
{
    "pk": 516, 
    "model": "catalog.city", 
    "fields": {
        "name": "Warrenton"
    }
},
{
    "pk": 517, 
    "model": "catalog.city", 
    "fields": {
        "name": "Warsaw"
    }
},
{
    "pk": 518, 
    "model": "catalog.city", 
    "fields": {
        "name": "Washington"
    }
},
{
    "pk": 519, 
    "model": "catalog.city", 
    "fields": {
        "name": "Washington Park"
    }
},
{
    "pk": 520, 
    "model": "catalog.city", 
    "fields": {
        "name": "Watha"
    }
},
{
    "pk": 521, 
    "model": "catalog.city", 
    "fields": {
        "name": "Waxhaw"
    }
},
{
    "pk": 522, 
    "model": "catalog.city", 
    "fields": {
        "name": "Waynesville"
    }
},
{
    "pk": 523, 
    "model": "catalog.city", 
    "fields": {
        "name": "Weaverville"
    }
},
{
    "pk": 524, 
    "model": "catalog.city", 
    "fields": {
        "name": "Webster"
    }
},
{
    "pk": 525, 
    "model": "catalog.city", 
    "fields": {
        "name": "Weddington"
    }
},
{
    "pk": 526, 
    "model": "catalog.city", 
    "fields": {
        "name": "Weldon"
    }
},
{
    "pk": 527, 
    "model": "catalog.city", 
    "fields": {
        "name": "Wendell"
    }
},
{
    "pk": 528, 
    "model": "catalog.city", 
    "fields": {
        "name": "Wentworth"
    }
},
{
    "pk": 529, 
    "model": "catalog.city", 
    "fields": {
        "name": "Wesley Chapel"
    }
},
{
    "pk": 530, 
    "model": "catalog.city", 
    "fields": {
        "name": "West Jefferson"
    }
},
{
    "pk": 531, 
    "model": "catalog.city", 
    "fields": {
        "name": "Whispering Pines"
    }
},
{
    "pk": 532, 
    "model": "catalog.city", 
    "fields": {
        "name": "Whitakers"
    }
},
{
    "pk": 533, 
    "model": "catalog.city", 
    "fields": {
        "name": "White Lake"
    }
},
{
    "pk": 534, 
    "model": "catalog.city", 
    "fields": {
        "name": "Whiteville"
    }
},
{
    "pk": 535, 
    "model": "catalog.city", 
    "fields": {
        "name": "Whitsett"
    }
},
{
    "pk": 536, 
    "model": "catalog.city", 
    "fields": {
        "name": "Wilkesboro"
    }
},
{
    "pk": 537, 
    "model": "catalog.city", 
    "fields": {
        "name": "Williamston"
    }
},
{
    "pk": 538, 
    "model": "catalog.city", 
    "fields": {
        "name": "Wilmington"
    }
},
{
    "pk": 539, 
    "model": "catalog.city", 
    "fields": {
        "name": "Wilson"
    }
},
{
    "pk": 540, 
    "model": "catalog.city", 
    "fields": {
        "name": "Wilson's Mills"
    }
},
{
    "pk": 541, 
    "model": "catalog.city", 
    "fields": {
        "name": "Windsor"
    }
},
{
    "pk": 542, 
    "model": "catalog.city", 
    "fields": {
        "name": "Winfall"
    }
},
{
    "pk": 543, 
    "model": "catalog.city", 
    "fields": {
        "name": "Wingate"
    }
},
{
    "pk": 544, 
    "model": "catalog.city", 
    "fields": {
        "name": "Winston-Salem"
    }
},
{
    "pk": 545, 
    "model": "catalog.city", 
    "fields": {
        "name": "Winterville"
    }
},
{
    "pk": 546, 
    "model": "catalog.city", 
    "fields": {
        "name": "Winton"
    }
},
{
    "pk": 547, 
    "model": "catalog.city", 
    "fields": {
        "name": "Woodfin"
    }
},
{
    "pk": 548, 
    "model": "catalog.city", 
    "fields": {
        "name": "Woodland"
    }
},
{
    "pk": 549, 
    "model": "catalog.city", 
    "fields": {
        "name": "Wrightsville Beach"
    }
},
{
    "pk": 550, 
    "model": "catalog.city", 
    "fields": {
        "name": "Yadkinville"
    }
},
{
    "pk": 551, 
    "model": "catalog.city", 
    "fields": {
        "name": "Yanceyville"
    }
},
{
    "pk": 552, 
    "model": "catalog.city", 
    "fields": {
        "name": "Youngsville"
    }
},
{
    "pk": 553, 
    "model": "catalog.city", 
    "fields": {
        "name": "Zebulon"
    }
},
{
    "pk": 1, 
    "model": "catalog.county", 
    "fields": {
        "cities": [
            1, 
            71, 
            78, 
            172, 
            374, 
            375, 
            406, 
            451, 
            487, 
            504, 
            531
        ], 
        "name": "Moore"
    }
},
{
    "pk": 2, 
    "model": "catalog.county", 
    "fields": {
        "cities": [
            2, 
            103, 
            107, 
            208, 
            336, 
            546
        ], 
        "name": "Hertford"
    }
},
{
    "pk": 3, 
    "model": "catalog.county", 
    "fields": {
        "cities": [
            3, 
            65, 
            149, 
            186, 
            191, 
            196, 
            212, 
            308, 
            361, 
            481
        ], 
        "name": "Alamance"
    }
},
{
    "pk": 4, 
    "model": "catalog.county", 
    "fields": {
        "cities": [
            4, 
            22, 
            280, 
            320, 
            342, 
            352, 
            356, 
            395, 
            402, 
            465
        ], 
        "name": "Stanly"
    }
},
{
    "pk": 5, 
    "model": "catalog.county", 
    "fields": {
        "cities": [
            5, 
            10, 
            28, 
            195, 
            309, 
            318, 
            359, 
            474, 
            502
        ], 
        "name": "Pamlico"
    }
},
{
    "pk": 6, 
    "model": "catalog.county", 
    "fields": {
        "cities": [
            6, 
            337
        ], 
        "name": "Cherokee"
    }
},
{
    "pk": 7, 
    "model": "catalog.county", 
    "fields": {
        "cities": [
            7, 
            59, 
            102, 
            132, 
            152, 
            276
        ], 
        "name": "Harnett"
    }
},
{
    "pk": 8, 
    "model": "catalog.county", 
    "fields": {
        "cities": [
            7, 
            9, 
            79, 
            97, 
            133, 
            177, 
            180, 
            228, 
            254, 
            329, 
            390, 
            412, 
            509, 
            527, 
            553
        ], 
        "name": "Wake"
    }
},
{
    "pk": 9, 
    "model": "catalog.county", 
    "fields": {
        "cities": [
            8, 
            275, 
            307, 
            330, 
            367, 
            382, 
            507
        ], 
        "name": "Anson"
    }
},
{
    "pk": 10, 
    "model": "catalog.county", 
    "fields": {
        "cities": [
            11, 
            65, 
            186, 
            198, 
            219, 
            238, 
            246, 
            355, 
            380, 
            438, 
            472, 
            477, 
            535
        ], 
        "name": "Guilford"
    }
},
{
    "pk": 11, 
    "model": "catalog.county", 
    "fields": {
        "cities": [
            11, 
            13, 
            175, 
            219, 
            274, 
            391, 
            392, 
            437, 
            463, 
            489, 
            494
        ], 
        "name": "Randolph"
    }
},
{
    "pk": 12, 
    "model": "catalog.county", 
    "fields": {
        "cities": [
            12, 
            36, 
            97, 
            171, 
            245, 
            310, 
            373, 
            386, 
            439, 
            449, 
            540, 
            553
        ], 
        "name": "Johnston"
    }
},
{
    "pk": 13, 
    "model": "catalog.county", 
    "fields": {
        "cities": [
            14, 
            42, 
            45, 
            324, 
            523, 
            547
        ], 
        "name": "Buncombe"
    }
},
{
    "pk": 14, 
    "model": "catalog.county", 
    "fields": {
        "cities": [
            15, 
            18, 
            104, 
            243, 
            271, 
            385, 
            420, 
            541
        ], 
        "name": "Bertie"
    }
},
{
    "pk": 15, 
    "model": "catalog.county", 
    "fields": {
        "cities": [
            16, 
            64, 
            425, 
            479, 
            491, 
            511, 
            520
        ], 
        "name": "Pender"
    }
},
{
    "pk": 16, 
    "model": "catalog.county", 
    "fields": {
        "cities": [
            17, 
            30, 
            49, 
            74, 
            84, 
            150, 
            234, 
            327, 
            344, 
            368, 
            372
        ], 
        "name": "Carteret"
    }
},
{
    "pk": 17, 
    "model": "catalog.county", 
    "fields": {
        "cities": [
            19, 
            27, 
            32, 
            94, 
            363, 
            518, 
            519
        ], 
        "name": "Beaufort"
    }
},
{
    "pk": 18, 
    "model": "catalog.county", 
    "fields": {
        "cities": [
            20, 
            100, 
            158, 
            160, 
            179, 
            207, 
            346, 
            416, 
            427, 
            498
        ], 
        "name": "Sampson"
    }
},
{
    "pk": 19, 
    "model": "catalog.county", 
    "fields": {
        "cities": [
            21, 
            40, 
            161, 
            163, 
            170, 
            199, 
            200, 
            201, 
            447, 
            545
        ], 
        "name": "Pitt"
    }
},
{
    "pk": 20, 
    "model": "catalog.county", 
    "fields": {
        "cities": [
            23, 
            81, 
            127, 
            312, 
            322, 
            339, 
            396, 
            411, 
            444, 
            459, 
            532
        ], 
        "name": "Nash"
    }
},
{
    "pk": 21, 
    "model": "catalog.county", 
    "fields": {
        "cities": [
            24, 
            461
        ], 
        "name": "Mitchell"
    }
},
{
    "pk": 22, 
    "model": "catalog.county", 
    "fields": {
        "cities": [
            25, 
            34, 
            50, 
            52, 
            69, 
            76, 
            82, 
            226, 
            269, 
            340, 
            351, 
            354, 
            357, 
            430, 
            443, 
            453, 
            462, 
            478, 
            503
        ], 
        "name": "Brunswick"
    }
},
{
    "pk": 23, 
    "model": "catalog.county", 
    "fields": {
        "cities": [
            26, 
            31, 
            119, 
            144, 
            192, 
            343, 
            440, 
            476
        ], 
        "name": "Avery"
    }
},
{
    "pk": 24, 
    "model": "catalog.county", 
    "fields": {
        "cities": [
            29, 
            154, 
            204, 
            210, 
            239, 
            353, 
            365, 
            408, 
            537
        ], 
        "name": "Martin"
    }
},
{
    "pk": 25, 
    "model": "catalog.county", 
    "fields": {
        "cities": [
            31, 
            47, 
            54, 
            440
        ], 
        "name": "Watauga"
    }
},
{
    "pk": 26, 
    "model": "catalog.county", 
    "fields": {
        "cities": [
            33, 
            38, 
            91, 
            116, 
            120, 
            183, 
            220, 
            249, 
            284, 
            305, 
            333, 
            393, 
            457, 
            466
        ], 
        "name": "Gaston"
    }
},
{
    "pk": 27, 
    "model": "catalog.county", 
    "fields": {
        "cities": [
            35, 
            51, 
            80, 
            134, 
            162, 
            202, 
            249, 
            250, 
            264, 
            267, 
            325, 
            366, 
            383, 
            445, 
            505
        ], 
        "name": "Cleveland"
    }
},
{
    "pk": 28, 
    "model": "catalog.county", 
    "fields": {
        "cities": [
            37, 
            113, 
            321
        ], 
        "name": "Davie"
    }
},
{
    "pk": 29, 
    "model": "catalog.county", 
    "fields": {
        "cities": [
            39, 
            98, 
            219, 
            246, 
            248, 
            272, 
            421, 
            490, 
            510, 
            544
        ], 
        "name": "Forsyth"
    }
},
{
    "pk": 30, 
    "model": "catalog.county", 
    "fields": {
        "cities": [
            41, 
            70, 
            158, 
            197, 
            207, 
            244, 
            292, 
            334, 
            415, 
            488, 
            511, 
            517
        ], 
        "name": "Duplin"
    }
},
{
    "pk": 31, 
    "model": "catalog.county", 
    "fields": {
        "cities": [
            43, 
            72, 
            332, 
            468, 
            496
        ], 
        "name": "Montgomery"
    }
},
{
    "pk": 32, 
    "model": "catalog.county", 
    "fields": {
        "cities": [
            44, 
            148, 
            245, 
            285, 
            433, 
            444, 
            448, 
            467, 
            539
        ], 
        "name": "Wilson"
    }
},
{
    "pk": 33, 
    "model": "catalog.county", 
    "fields": {
        "cities": [
            46, 
            96, 
            130, 
            135, 
            143, 
            484, 
            533
        ], 
        "name": "Bladen"
    }
},
{
    "pk": 34, 
    "model": "catalog.county", 
    "fields": {
        "cities": [
            47, 
            68, 
            85, 
            178, 
            193, 
            218, 
            232, 
            270, 
            400, 
            434
        ], 
        "name": "Caldwell"
    }
},
{
    "pk": 35, 
    "model": "catalog.county", 
    "fields": {
        "cities": [
            48, 
            53, 
            61, 
            87, 
            88, 
            155, 
            260, 
            431, 
            483, 
            534
        ], 
        "name": "Columbus"
    }
},
{
    "pk": 36, 
    "model": "catalog.county", 
    "fields": {
        "cities": [
            55, 
            136, 
            241, 
            550
        ], 
        "name": "Yadkin"
    }
},
{
    "pk": 37, 
    "model": "catalog.county", 
    "fields": {
        "cities": [
            56, 
            92, 
            146, 
            168, 
            257, 
            422, 
            424, 
            458
        ], 
        "name": "Rutherford"
    }
},
{
    "pk": 38, 
    "model": "catalog.county", 
    "fields": {
        "cities": [
            57, 
            417
        ], 
        "name": "Transylvania"
    }
},
{
    "pk": 39, 
    "model": "catalog.county", 
    "fields": {
        "cities": [
            58, 
            115, 
            128, 
            211, 
            341, 
            404, 
            492, 
            501
        ], 
        "name": "Craven"
    }
},
{
    "pk": 40, 
    "model": "catalog.county", 
    "fields": {
        "cities": [
            59, 
            432
        ], 
        "name": "Lee"
    }
},
{
    "pk": 41, 
    "model": "catalog.county", 
    "fields": {
        "cities": [
            60, 
            83, 
            95, 
            111, 
            218, 
            281, 
            293, 
            345
        ], 
        "name": "Catawba"
    }
},
{
    "pk": 42, 
    "model": "catalog.county", 
    "fields": {
        "cities": [
            62, 
            167
        ], 
        "name": "Swain"
    }
},
{
    "pk": 43, 
    "model": "catalog.county", 
    "fields": {
        "cities": [
            63, 
            174, 
            282, 
            509, 
            552
        ], 
        "name": "Franklin"
    }
},
{
    "pk": 44, 
    "model": "catalog.county", 
    "fields": {
        "cities": [
            66
        ], 
        "name": "Yancey"
    }
},
{
    "pk": 45, 
    "model": "catalog.county", 
    "fields": {
        "cities": [
            67, 
            117, 
            362, 
            471, 
            475
        ], 
        "name": "Granville"
    }
},
{
    "pk": 46, 
    "model": "catalog.county", 
    "fields": {
        "cities": [
            73, 
            101, 
            291, 
            522
        ], 
        "name": "Haywood"
    }
},
{
    "pk": 47, 
    "model": "catalog.county", 
    "fields": {
        "cities": [
            75, 
            255, 
            538, 
            549
        ], 
        "name": "New Hanover"
    }
},
{
    "pk": 48, 
    "model": "catalog.county", 
    "fields": {
        "cities": [
            77, 
            89, 
            133, 
            223, 
            308
        ], 
        "name": "Orange"
    }
},
{
    "pk": 49, 
    "model": "catalog.county", 
    "fields": {
        "cities": [
            79, 
            190, 
            379, 
            446
        ], 
        "name": "Chatham"
    }
},
{
    "pk": 50, 
    "model": "catalog.county", 
    "fields": {
        "cities": [
            86
        ], 
        "name": "Franlkin"
    }
},
{
    "pk": 51, 
    "model": "catalog.county", 
    "fields": {
        "cities": [
            89, 
            133, 
            329, 
            390
        ], 
        "name": "Durham"
    }
},
{
    "pk": 52, 
    "model": "catalog.county", 
    "fields": {
        "cities": [
            90, 
            114, 
            122, 
            233, 
            301, 
            313, 
            319, 
            377, 
            464, 
            525
        ], 
        "name": "Mecklenburg"
    }
},
{
    "pk": 53, 
    "model": "catalog.county", 
    "fields": {
        "cities": [
            93, 
            99, 
            138, 
            159, 
            194, 
            242, 
            261, 
            410, 
            428, 
            456
        ], 
        "name": "Rowan"
    }
},
{
    "pk": 54, 
    "model": "catalog.county", 
    "fields": {
        "cities": [
            105
        ], 
        "name": "Tyrrell"
    }
},
{
    "pk": 55, 
    "model": "catalog.county", 
    "fields": {
        "cities": [
            106, 
            429, 
            497
        ], 
        "name": "Polk"
    }
},
{
    "pk": 56, 
    "model": "catalog.county", 
    "fields": {
        "cities": [
            108, 
            209, 
            242, 
            280, 
            313, 
            335, 
            465
        ], 
        "name": "Cabarrus"
    }
},
{
    "pk": 57, 
    "model": "catalog.county", 
    "fields": {
        "cities": [
            109, 
            268, 
            288, 
            376, 
            387, 
            411, 
            444, 
            455, 
            485, 
            532
        ], 
        "name": "Edgecombe"
    }
},
{
    "pk": 58, 
    "model": "catalog.county", 
    "fields": {
        "cities": [
            110, 
            129, 
            187, 
            218, 
            222, 
            281, 
            328, 
            400, 
            423, 
            500
        ], 
        "name": "Burke"
    }
},
{
    "pk": 59, 
    "model": "catalog.county", 
    "fields": {
        "cities": [
            112, 
            181, 
            182, 
            236, 
            263, 
            401, 
            436, 
            442, 
            548
        ], 
        "name": "Northampton"
    }
},
{
    "pk": 60, 
    "model": "catalog.county", 
    "fields": {
        "cities": [
            118, 
            381, 
            414
        ], 
        "name": "Washington"
    }
},
{
    "pk": 61, 
    "model": "catalog.county", 
    "fields": {
        "cities": [
            121, 
            248, 
            490, 
            513
        ], 
        "name": "Stokes"
    }
},
{
    "pk": 62, 
    "model": "catalog.county", 
    "fields": {
        "cities": [
            122, 
            206, 
            283, 
            326, 
            469, 
            495
        ], 
        "name": "Iredell"
    }
},
{
    "pk": 63, 
    "model": "catalog.county", 
    "fields": {
        "cities": [
            123, 
            219, 
            273, 
            314, 
            489, 
            512
        ], 
        "name": "Davidson"
    }
},
{
    "pk": 64, 
    "model": "catalog.county", 
    "fields": {
        "cities": [
            124, 
            169, 
            221, 
            482, 
            524
        ], 
        "name": "Jackson"
    }
},
{
    "pk": 65, 
    "model": "catalog.county", 
    "fields": {
        "cities": [
            125, 
            147, 
            205, 
            225, 
            348, 
            409
        ], 
        "name": "Richmond"
    }
},
{
    "pk": 66, 
    "model": "catalog.county", 
    "fields": {
        "cities": [
            126, 
            145, 
            331, 
            371
        ], 
        "name": "Surry"
    }
},
{
    "pk": 67, 
    "model": "catalog.county", 
    "fields": {
        "cities": [
            131, 
            247, 
            253, 
            294, 
            338, 
            452
        ], 
        "name": "Dare"
    }
},
{
    "pk": 68, 
    "model": "catalog.county", 
    "fields": {
        "cities": [
            137, 
            185, 
            266, 
            302, 
            508
        ], 
        "name": "Scotland"
    }
},
{
    "pk": 69, 
    "model": "catalog.county", 
    "fields": {
        "cities": [
            139, 
            160, 
            164, 
            188, 
            230, 
            278, 
            460, 
            470, 
            506
        ], 
        "name": "Cumberland"
    }
},
{
    "pk": 70, 
    "model": "catalog.county", 
    "fields": {
        "cities": [
            140, 
            290, 
            303, 
            398, 
            473, 
            528
        ], 
        "name": "Rockingham"
    }
},
{
    "pk": 71, 
    "model": "catalog.county", 
    "fields": {
        "cities": [
            141
        ], 
        "name": "Chowan"
    }
},
{
    "pk": 72, 
    "model": "catalog.county", 
    "fields": {
        "cities": [
            142
        ], 
        "name": "Camden"
    }
},
{
    "pk": 73, 
    "model": "catalog.county", 
    "fields": {
        "cities": [
            142
        ], 
        "name": "Pasquotank"
    }
},
{
    "pk": 74, 
    "model": "catalog.county", 
    "fields": {
        "cities": [
            145, 
            350, 
            413, 
            536
        ], 
        "name": "Wilkes"
    }
},
{
    "pk": 75, 
    "model": "catalog.county", 
    "fields": {
        "cities": [
            151, 
            203, 
            224, 
            279, 
            405, 
            435, 
            526
        ], 
        "name": "Halifax"
    }
},
{
    "pk": 76, 
    "model": "catalog.county", 
    "fields": {
        "cities": [
            153, 
            176, 
            189, 
            334, 
            370, 
            441, 
            514
        ], 
        "name": "Wayne"
    }
},
{
    "pk": 77, 
    "model": "catalog.county", 
    "fields": {
        "cities": [
            156, 
            286, 
            287, 
            295, 
            302, 
            306, 
            360, 
            364, 
            369, 
            388, 
            394, 
            397, 
            399, 
            418, 
            426
        ], 
        "name": "Robeson"
    }
},
{
    "pk": 78, 
    "model": "catalog.county", 
    "fields": {
        "cities": [
            157, 
            214, 
            235, 
            258, 
            299, 
            300, 
            317, 
            319, 
            323, 
            464, 
            499, 
            521, 
            525, 
            529, 
            543
        ], 
        "name": "Union"
    }
},
{
    "pk": 79, 
    "model": "catalog.county", 
    "fields": {
        "cities": [
            165, 
            166, 
            216, 
            265, 
            315, 
            429
        ], 
        "name": "Henderson"
    }
},
{
    "pk": 80, 
    "model": "catalog.county", 
    "fields": {
        "cities": [
            167, 
            259, 
            407
        ], 
        "name": "Graham"
    }
},
{
    "pk": 81, 
    "model": "catalog.county", 
    "fields": {
        "cities": [
            173, 
            221
        ], 
        "name": "Macon"
    }
},
{
    "pk": 82, 
    "model": "catalog.county", 
    "fields": {
        "cities": [
            184
        ], 
        "name": "Gates"
    }
},
{
    "pk": 83, 
    "model": "catalog.county", 
    "fields": {
        "cities": [
            200, 
            251, 
            256, 
            378
        ], 
        "name": "Lenoir"
    }
},
{
    "pk": 84, 
    "model": "catalog.county", 
    "fields": {
        "cities": [
            213
        ], 
        "name": "Clay"
    }
},
{
    "pk": 85, 
    "model": "catalog.county", 
    "fields": {
        "cities": [
            215, 
            252, 
            311
        ], 
        "name": "Vance"
    }
},
{
    "pk": 86, 
    "model": "catalog.county", 
    "fields": {
        "cities": [
            217, 
            542
        ], 
        "name": "Perquimans"
    }
},
{
    "pk": 87, 
    "model": "catalog.county", 
    "fields": {
        "cities": [
            220, 
            277, 
            293
        ], 
        "name": "Lincoln"
    }
},
{
    "pk": 88, 
    "model": "catalog.county", 
    "fields": {
        "cities": [
            227, 
            237, 
            349, 
            403, 
            479, 
            480
        ], 
        "name": "Onslow"
    }
},
{
    "pk": 89, 
    "model": "catalog.county", 
    "fields": {
        "cities": [
            229, 
            450, 
            515
        ], 
        "name": "Greene"
    }
},
{
    "pk": 90, 
    "model": "catalog.county", 
    "fields": {
        "cities": [
            231, 
            297, 
            298
        ], 
        "name": "Madison"
    }
},
{
    "pk": 91, 
    "model": "catalog.county", 
    "fields": {
        "cities": [
            240, 
            262, 
            530
        ], 
        "name": "Ashe"
    }
},
{
    "pk": 92, 
    "model": "catalog.county", 
    "fields": {
        "cities": [
            289, 
            347, 
            516
        ], 
        "name": "Warren"
    }
},
{
    "pk": 93, 
    "model": "catalog.county", 
    "fields": {
        "cities": [
            296, 
            358
        ], 
        "name": "Mcdowell"
    }
},
{
    "pk": 94, 
    "model": "catalog.county", 
    "fields": {
        "cities": [
            304, 
            384, 
            493
        ], 
        "name": "Jones"
    }
},
{
    "pk": 95, 
    "model": "catalog.county", 
    "fields": {
        "cities": [
            316, 
            551
        ], 
        "name": "Caswell"
    }
},
{
    "pk": 96, 
    "model": "catalog.county", 
    "fields": {
        "cities": [
            389, 
            397
        ], 
        "name": "Hoke"
    }
},
{
    "pk": 97, 
    "model": "catalog.county", 
    "fields": {
        "cities": [
            419
        ], 
        "name": "Person"
    }
},
{
    "pk": 98, 
    "model": "catalog.county", 
    "fields": {
        "cities": [
            454
        ], 
        "name": "Alleghany"
    }
},
{
    "pk": 99, 
    "model": "catalog.county", 
    "fields": {
        "cities": [
            486
        ], 
        "name": "Alexander"
    }
},
{
    "pk": 1, 
    "model": "catalog.department", 
    "fields": {
        "divisions": [], 
        "type": "county", 
        "name": "County Manager's Office"
    }
},
{
    "pk": 2, 
    "model": "catalog.department", 
    "fields": {
        "divisions": [], 
        "type": "county", 
        "name": "County Attorney's Office"
    }
},
{
    "pk": 3, 
    "model": "catalog.department", 
    "fields": {
        "divisions": [], 
        "type": "county", 
        "name": "Register of Deeds"
    }
},
{
    "pk": 4, 
    "model": "catalog.department", 
    "fields": {
        "divisions": [], 
        "type": "county", 
        "name": "Clerk of Courts"
    }
},
{
    "pk": 5, 
    "model": "catalog.department", 
    "fields": {
        "divisions": [], 
        "type": "county", 
        "name": "Sheriff's Department"
    }
},
{
    "pk": 6, 
    "model": "catalog.department", 
    "fields": {
        "divisions": [], 
        "type": "county", 
        "name": "Finance Department"
    }
},
{
    "pk": 7, 
    "model": "catalog.department", 
    "fields": {
        "divisions": [], 
        "type": "county", 
        "name": "Department of Social Services"
    }
},
{
    "pk": 8, 
    "model": "catalog.department", 
    "fields": {
        "divisions": [], 
        "type": "county", 
        "name": "Health Department"
    }
},
{
    "pk": 9, 
    "model": "catalog.department", 
    "fields": {
        "divisions": [], 
        "type": "county", 
        "name": "Mental Health Department"
    }
},
{
    "pk": 10, 
    "model": "catalog.department", 
    "fields": {
        "divisions": [], 
        "type": "county", 
        "name": "Board of Elections"
    }
},
{
    "pk": 11, 
    "model": "catalog.department", 
    "fields": {
        "divisions": [], 
        "type": "county", 
        "name": "Emergency Medical Services"
    }
},
{
    "pk": 12, 
    "model": "catalog.department", 
    "fields": {
        "divisions": [], 
        "type": "county", 
        "name": "Parks and Recreation"
    }
},
{
    "pk": 13, 
    "model": "catalog.department", 
    "fields": {
        "divisions": [], 
        "type": "county", 
        "name": "Human Resources Department"
    }
},
{
    "pk": 14, 
    "model": "catalog.department", 
    "fields": {
        "divisions": [], 
        "type": "county", 
        "name": "Alcoholic Beverage Control Board"
    }
},
{
    "pk": 15, 
    "model": "catalog.department", 
    "fields": {
        "divisions": [], 
        "type": "county", 
        "name": "Cooperative Extension Service"
    }
},
{
    "pk": 16, 
    "model": "catalog.department", 
    "fields": {
        "divisions": [], 
        "type": "county", 
        "name": "Solid Waste Management Department"
    }
},
{
    "pk": 17, 
    "model": "catalog.department", 
    "fields": {
        "divisions": [], 
        "type": "city", 
        "name": "City/Town Manager's Office"
    }
},
{
    "pk": 18, 
    "model": "catalog.department", 
    "fields": {
        "divisions": [], 
        "type": "city", 
        "name": "Mayor's Office"
    }
},
{
    "pk": 19, 
    "model": "catalog.department", 
    "fields": {
        "divisions": [], 
        "type": "city", 
        "name": "City/Town Attorney's Office"
    }
},
{
    "pk": 20, 
    "model": "catalog.department", 
    "fields": {
        "divisions": [], 
        "type": "city", 
        "name": "City/Town Clerk's Office"
    }
},
{
    "pk": 21, 
    "model": "catalog.department", 
    "fields": {
        "divisions": [], 
        "type": "city", 
        "name": "Police Department"
    }
},
{
    "pk": 22, 
    "model": "catalog.department", 
    "fields": {
        "divisions": [], 
        "type": "city", 
        "name": "Fire Department"
    }
},
{
    "pk": 23, 
    "model": "catalog.department", 
    "fields": {
        "divisions": [], 
        "type": "city", 
        "name": "Finance Department"
    }
},
{
    "pk": 24, 
    "model": "catalog.department", 
    "fields": {
        "divisions": [], 
        "type": "city", 
        "name": "Human Resources Department"
    }
},
{
    "pk": 25, 
    "model": "catalog.department", 
    "fields": {
        "divisions": [], 
        "type": "city", 
        "name": "Parks and Recreation"
    }
},
{
    "pk": 26, 
    "model": "catalog.department", 
    "fields": {
        "divisions": [], 
        "type": "city", 
        "name": "Public Works"
    }
},
{
    "pk": 27, 
    "model": "catalog.department", 
    "fields": {
        "divisions": [
            1, 
            2, 
            3
        ], 
        "type": "state", 
        "name": "Office of the Governor"
    }
},
{
    "pk": 28, 
    "model": "catalog.department", 
    "fields": {
        "divisions": [
            4, 
            5, 
            6, 
            7, 
            8, 
            9, 
            10, 
            11, 
            12, 
            13, 
            14, 
            15, 
            16, 
            17
        ], 
        "type": "state", 
        "name": "Secretary of State"
    }
},
{
    "pk": 29, 
    "model": "catalog.department", 
    "fields": {
        "divisions": [
            18, 
            19, 
            20, 
            21
        ], 
        "type": "state", 
        "name": "Office of the State Auditor"
    }
},
{
    "pk": 30, 
    "model": "catalog.department", 
    "fields": {
        "divisions": [
            22, 
            23, 
            24, 
            25, 
            26, 
            27
        ], 
        "type": "state", 
        "name": "Treasurer"
    }
},
{
    "pk": 31, 
    "model": "catalog.department", 
    "fields": {
        "divisions": [
            2, 
            28, 
            29, 
            30, 
            31, 
            32, 
            33, 
            34, 
            35, 
            36, 
            37, 
            38, 
            39, 
            40, 
            41, 
            42, 
            43, 
            44, 
            45
        ], 
        "type": "state", 
        "name": "Department of Justice"
    }
},
{
    "pk": 32, 
    "model": "catalog.department", 
    "fields": {
        "divisions": [
            38, 
            46, 
            47, 
            48, 
            49, 
            50, 
            51, 
            52, 
            53, 
            54, 
            55, 
            56, 
            57, 
            58, 
            59, 
            60, 
            61, 
            62, 
            63
        ], 
        "type": "state", 
        "name": "Department of Public Instruction"
    }
},
{
    "pk": 33, 
    "model": "catalog.department", 
    "fields": {
        "divisions": [
            64, 
            65, 
            66, 
            67, 
            68, 
            69, 
            70, 
            71, 
            72, 
            73, 
            74, 
            75, 
            76, 
            77, 
            78, 
            79, 
            80, 
            81, 
            82, 
            83, 
            84
        ], 
        "type": "state", 
        "name": "Agriculture & Consumer Services"
    }
},
{
    "pk": 34, 
    "model": "catalog.department", 
    "fields": {
        "divisions": [
            85, 
            86, 
            87, 
            88, 
            89, 
            90, 
            91, 
            92, 
            93, 
            94, 
            95, 
            96, 
            97, 
            98, 
            99, 
            100, 
            101, 
            102, 
            103, 
            104, 
            105
        ], 
        "type": "state", 
        "name": "Department of Insurance"
    }
},
{
    "pk": 35, 
    "model": "catalog.department", 
    "fields": {
        "divisions": [
            106, 
            107, 
            108, 
            109, 
            110, 
            111, 
            112, 
            113, 
            114, 
            115, 
            116, 
            117
        ], 
        "type": "state", 
        "name": "Department of Labor"
    }
},
{
    "pk": 36, 
    "model": "catalog.department", 
    "fields": {
        "divisions": [
            38, 
            118, 
            119, 
            120, 
            121, 
            122, 
            123, 
            124, 
            125, 
            126, 
            127, 
            128, 
            129, 
            130, 
            131, 
            132, 
            133, 
            134, 
            135, 
            136
        ], 
        "type": "state", 
        "name": "Department of Administration"
    }
},
{
    "pk": 37, 
    "model": "catalog.department", 
    "fields": {
        "divisions": [
            137, 
            138, 
            139, 
            140, 
            141, 
            142, 
            143, 
            144, 
            145, 
            146, 
            147, 
            148, 
            149, 
            150, 
            151, 
            152, 
            153, 
            154, 
            155, 
            156, 
            157, 
            158, 
            159, 
            160, 
            161, 
            162, 
            163, 
            164, 
            165, 
            166
        ], 
        "type": "state", 
        "name": "Commerce"
    }
},
{
    "pk": 38, 
    "model": "catalog.department", 
    "fields": {
        "divisions": [
            167, 
            168, 
            169, 
            170, 
            171, 
            172, 
            173, 
            174, 
            175, 
            176, 
            177, 
            178, 
            179, 
            180
        ], 
        "type": "state", 
        "name": "Cultural Resources"
    }
},
{
    "pk": 39, 
    "model": "catalog.department", 
    "fields": {
        "divisions": [
            38, 
            118, 
            181, 
            182, 
            183, 
            184, 
            185, 
            186, 
            187, 
            188, 
            189, 
            190, 
            191, 
            192, 
            193, 
            194, 
            195, 
            196, 
            197, 
            198, 
            199, 
            200, 
            201, 
            202, 
            203, 
            204, 
            205, 
            206, 
            207, 
            208, 
            209, 
            210
        ], 
        "type": "state", 
        "name": "Environment & Natural Resources"
    }
},
{
    "pk": 40, 
    "model": "catalog.department", 
    "fields": {
        "divisions": [
            62, 
            77, 
            118, 
            181, 
            211, 
            212, 
            213, 
            214, 
            215, 
            216, 
            217, 
            218, 
            219, 
            220, 
            221, 
            222, 
            223, 
            224, 
            225, 
            226, 
            227, 
            228, 
            229, 
            230, 
            231, 
            232, 
            233, 
            234
        ], 
        "type": "state", 
        "name": "Health & Human Services"
    }
},
{
    "pk": 41, 
    "model": "catalog.department", 
    "fields": {
        "divisions": [
            235, 
            236, 
            237, 
            238, 
            239, 
            240, 
            241, 
            242, 
            243, 
            244, 
            245, 
            246, 
            247, 
            248, 
            249, 
            250, 
            251, 
            252
        ], 
        "type": "state", 
        "name": "Department of Public Safety"
    }
},
{
    "pk": 42, 
    "model": "catalog.department", 
    "fields": {
        "divisions": [
            202, 
            253, 
            254, 
            255, 
            256, 
            257, 
            258, 
            259, 
            260, 
            261, 
            262, 
            263, 
            264, 
            265, 
            266, 
            267, 
            268, 
            269, 
            270, 
            271, 
            272
        ], 
        "type": "state", 
        "name": "Department of Revenue"
    }
},
{
    "pk": 43, 
    "model": "catalog.department", 
    "fields": {
        "divisions": [
            2, 
            38, 
            273, 
            274, 
            275, 
            276, 
            277, 
            278, 
            279, 
            280, 
            281, 
            282, 
            283, 
            284, 
            285, 
            286, 
            287, 
            288, 
            289, 
            290, 
            291, 
            292
        ], 
        "type": "state", 
        "name": "Transportation"
    }
},
{
    "pk": 44, 
    "model": "catalog.department", 
    "fields": {
        "divisions": [
            2, 
            293, 
            294, 
            295, 
            296, 
            297, 
            298, 
            299, 
            300, 
            301
        ], 
        "type": "state", 
        "name": "Office of the State Controller"
    }
},
{
    "pk": 45, 
    "model": "catalog.department", 
    "fields": {
        "divisions": [
            2, 
            302, 
            303, 
            304, 
            305
        ], 
        "type": "state", 
        "name": "State Board of Elections"
    }
},
{
    "pk": 46, 
    "model": "catalog.department", 
    "fields": {
        "divisions": [
            2, 
            306, 
            307, 
            308, 
            309, 
            310, 
            311, 
            312, 
            313
        ], 
        "type": "state", 
        "name": "Office of State Human Resources"
    }
},
{
    "pk": 47, 
    "model": "catalog.department", 
    "fields": {
        "divisions": [
            314, 
            315, 
            316, 
            317, 
            318, 
            319, 
            320, 
            321, 
            322, 
            323, 
            324, 
            325, 
            326, 
            327, 
            328, 
            329, 
            330, 
            331, 
            332, 
            333, 
            334, 
            335, 
            336, 
            337, 
            338, 
            339
        ], 
        "type": "state", 
        "name": "University of North Carolina System"
    }
},
{
    "pk": 48, 
    "model": "catalog.department", 
    "fields": {
        "divisions": [
            340, 
            341, 
            342
        ], 
        "type": "state", 
        "name": "Office of Adminstrative Hearings"
    }
},
{
    "pk": 49, 
    "model": "catalog.department", 
    "fields": {
        "divisions": [
            37, 
            38, 
            343, 
            344, 
            345, 
            346, 
            347, 
            348, 
            349, 
            350
        ], 
        "type": "state", 
        "name": "N.C. Administrative Office of the Courts"
    }
},
{
    "pk": 50, 
    "model": "catalog.department", 
    "fields": {
        "divisions": [
            39, 
            351, 
            352, 
            353, 
            354, 
            355, 
            356
        ], 
        "type": "state", 
        "name": "N.C. General Assembly"
    }
},
{
    "pk": 51, 
    "model": "catalog.department", 
    "fields": {
        "divisions": [], 
        "type": "state", 
        "name": "Housing Finance Agency"
    }
},
{
    "pk": 52, 
    "model": "catalog.department", 
    "fields": {
        "divisions": [], 
        "type": "state", 
        "name": "NC Acupuncture Licensing Board\n"
    }
},
{
    "pk": 53, 
    "model": "catalog.department", 
    "fields": {
        "divisions": [], 
        "type": "state", 
        "name": "NC Alarm Systems Licensing Board"
    }
},
{
    "pk": 54, 
    "model": "catalog.department", 
    "fields": {
        "divisions": [], 
        "type": "state", 
        "name": "NC Appraisal Board"
    }
},
{
    "pk": 55, 
    "model": "catalog.department", 
    "fields": {
        "divisions": [], 
        "type": "state", 
        "name": "NC Board of Architecture\n"
    }
},
{
    "pk": 56, 
    "model": "catalog.department", 
    "fields": {
        "divisions": [], 
        "type": "state", 
        "name": "NC Auctioneer Licensing Board"
    }
},
{
    "pk": 57, 
    "model": "catalog.department", 
    "fields": {
        "divisions": [], 
        "type": "state", 
        "name": "NC Board of Barber Examiners"
    }
},
{
    "pk": 58, 
    "model": "catalog.department", 
    "fields": {
        "divisions": [], 
        "type": "state", 
        "name": "NC Board of Certified Public Accountant Examiners"
    }
},
{
    "pk": 59, 
    "model": "catalog.department", 
    "fields": {
        "divisions": [], 
        "type": "state", 
        "name": "NC Board of Chiropractic Examiners"
    }
},
{
    "pk": 60, 
    "model": "catalog.department", 
    "fields": {
        "divisions": [], 
        "type": "state", 
        "name": "NC Board of Cosmetic Art Examiners"
    }
},
{
    "pk": 61, 
    "model": "catalog.department", 
    "fields": {
        "divisions": [], 
        "type": "state", 
        "name": "NC Board of Dental Examiners"
    }
},
{
    "pk": 62, 
    "model": "catalog.department", 
    "fields": {
        "divisions": [], 
        "type": "state", 
        "name": "NC Board of Dietetics/Nutrition"
    }
},
{
    "pk": 63, 
    "model": "catalog.department", 
    "fields": {
        "divisions": [], 
        "type": "state", 
        "name": "NC Board of Examiners of Electrical Contractors"
    }
},
{
    "pk": 64, 
    "model": "catalog.department", 
    "fields": {
        "divisions": [], 
        "type": "state", 
        "name": "NC Board of Electrolysis Examiners"
    }
},
{
    "pk": 65, 
    "model": "catalog.department", 
    "fields": {
        "divisions": [], 
        "type": "state", 
        "name": "NC Board of Examiners for Engineers and Surveyors"
    }
},
{
    "pk": 66, 
    "model": "catalog.department", 
    "fields": {
        "divisions": [], 
        "type": "state", 
        "name": "NC State Board of Environmental Health Specialist Examiners"
    }
},
{
    "pk": 67, 
    "model": "catalog.department", 
    "fields": {
        "divisions": [], 
        "type": "state", 
        "name": "NC Ethics Commission"
    }
},
{
    "pk": 68, 
    "model": "catalog.department", 
    "fields": {
        "divisions": [], 
        "type": "state", 
        "name": "NC State Board of Examiners of Fee-Based\nPracticing Pastoral Counselors"
    }
},
{
    "pk": 69, 
    "model": "catalog.department", 
    "fields": {
        "divisions": [], 
        "type": "state", 
        "name": "NC Board of Registration for Foresters"
    }
},
{
    "pk": 70, 
    "model": "catalog.department", 
    "fields": {
        "divisions": [], 
        "type": "state", 
        "name": "NC Board of Funeral Service"
    }
},
{
    "pk": 71, 
    "model": "catalog.department", 
    "fields": {
        "divisions": [], 
        "type": "state", 
        "name": "NC Hearing Aid Dealers and Fitters Board"
    }
},
{
    "pk": 72, 
    "model": "catalog.department", 
    "fields": {
        "divisions": [], 
        "type": "state", 
        "name": "NC Home Inspector Licensure Board"
    }
},
{
    "pk": 73, 
    "model": "catalog.department", 
    "fields": {
        "divisions": [], 
        "type": "state", 
        "name": "NC Interpreters and Transliterators Licensing Board"
    }
},
{
    "pk": 74, 
    "model": "catalog.department", 
    "fields": {
        "divisions": [], 
        "type": "state", 
        "name": "NC Licensing Board for General Contractors"
    }
},
{
    "pk": 75, 
    "model": "catalog.department", 
    "fields": {
        "divisions": [], 
        "type": "state", 
        "name": "NC Board for Licensing of Geologists"
    }
},
{
    "pk": 76, 
    "model": "catalog.department", 
    "fields": {
        "divisions": [], 
        "type": "state", 
        "name": "NC Board of Landscape Architects"
    }
},
{
    "pk": 77, 
    "model": "catalog.department", 
    "fields": {
        "divisions": [], 
        "type": "state", 
        "name": "NC Landscape Contractors Registration Board"
    }
},
{
    "pk": 78, 
    "model": "catalog.department", 
    "fields": {
        "divisions": [], 
        "type": "state", 
        "name": "NC Board of Law Examiners"
    }
},
{
    "pk": 79, 
    "model": "catalog.department", 
    "fields": {
        "divisions": [], 
        "type": "state", 
        "name": "NC Board of Licensed Professional Counselors"
    }
},
{
    "pk": 80, 
    "model": "catalog.department", 
    "fields": {
        "divisions": [], 
        "type": "state", 
        "name": "NC Board of Marriage and Family Therapy"
    }
},
{
    "pk": 81, 
    "model": "catalog.department", 
    "fields": {
        "divisions": [], 
        "type": "state", 
        "name": "NC Board of Massage and Bodywork Therapy"
    }
},
{
    "pk": 82, 
    "model": "catalog.department", 
    "fields": {
        "divisions": [], 
        "type": "state", 
        "name": "NC Medical Board"
    }
},
{
    "pk": 83, 
    "model": "catalog.department", 
    "fields": {
        "divisions": [], 
        "type": "state", 
        "name": "NC Midwifery Joint Committee"
    }
},
{
    "pk": 84, 
    "model": "catalog.department", 
    "fields": {
        "divisions": [], 
        "type": "state", 
        "name": "NC Board of Nursing"
    }
},
{
    "pk": 85, 
    "model": "catalog.department", 
    "fields": {
        "divisions": [], 
        "type": "state", 
        "name": "NC State Board of Examiners for Nursing Home Administrators"
    }
},
{
    "pk": 86, 
    "model": "catalog.department", 
    "fields": {
        "divisions": [], 
        "type": "state", 
        "name": "NC Board of Occupational Therapy"
    }
},
{
    "pk": 87, 
    "model": "catalog.department", 
    "fields": {
        "divisions": [], 
        "type": "state", 
        "name": "NC Board of Opticians"
    }
},
{
    "pk": 88, 
    "model": "catalog.department", 
    "fields": {
        "divisions": [], 
        "type": "state", 
        "name": "NC Board of Optometry"
    }
},
{
    "pk": 89, 
    "model": "catalog.department", 
    "fields": {
        "divisions": [], 
        "type": "state", 
        "name": "NC Board of Pharmacy"
    }
},
{
    "pk": 90, 
    "model": "catalog.department", 
    "fields": {
        "divisions": [], 
        "type": "state", 
        "name": "NC Board of Physical Therapy Examiners"
    }
},
{
    "pk": 91, 
    "model": "catalog.department", 
    "fields": {
        "divisions": [], 
        "type": "state", 
        "name": "NC State Board of Examiners of Plumbing, Heating and Fire Sprinkler Contractors"
    }
},
{
    "pk": 92, 
    "model": "catalog.department", 
    "fields": {
        "divisions": [], 
        "type": "state", 
        "name": "NC Board of Podiatry Examiners"
    }
},
{
    "pk": 93, 
    "model": "catalog.department", 
    "fields": {
        "divisions": [], 
        "type": "state", 
        "name": "NC Private Protective Services Board"
    }
},
{
    "pk": 94, 
    "model": "catalog.department", 
    "fields": {
        "divisions": [], 
        "type": "state", 
        "name": "NC Psychology Board"
    }
},
{
    "pk": 95, 
    "model": "catalog.department", 
    "fields": {
        "divisions": [], 
        "type": "state", 
        "name": "NC Public Librarian Certification Commission"
    }
},
{
    "pk": 96, 
    "model": "catalog.department", 
    "fields": {
        "divisions": [], 
        "type": "state", 
        "name": "NC Real Estate Commission"
    }
},
{
    "pk": 97, 
    "model": "catalog.department", 
    "fields": {
        "divisions": [], 
        "type": "state", 
        "name": "NC Board of Recreational Therapy Licensure"
    }
},
{
    "pk": 98, 
    "model": "catalog.department", 
    "fields": {
        "divisions": [], 
        "type": "state", 
        "name": "NC State Board of Refrigeration Examiners"
    }
},
{
    "pk": 99, 
    "model": "catalog.department", 
    "fields": {
        "divisions": [], 
        "type": "state", 
        "name": "NC Social Work Certification and Licensure Board"
    }
},
{
    "pk": 100, 
    "model": "catalog.department", 
    "fields": {
        "divisions": [], 
        "type": "state", 
        "name": "NC Board for Licensing of Soil Scientists"
    }
},
{
    "pk": 101, 
    "model": "catalog.department", 
    "fields": {
        "divisions": [], 
        "type": "state", 
        "name": "NC Board of Examiners for Speech and Language Pathologists and Audiologists"
    }
},
{
    "pk": 102, 
    "model": "catalog.department", 
    "fields": {
        "divisions": [], 
        "type": "state", 
        "name": "NC Substance Abuse Professional Practice Board"
    }
},
{
    "pk": 103, 
    "model": "catalog.department", 
    "fields": {
        "divisions": [], 
        "type": "state", 
        "name": "NC Veterinary Medical Board"
    }
},
{
    "pk": 1, 
    "model": "catalog.division", 
    "fields": {
        "name": "Office of State Budget and Management"
    }
},
{
    "pk": 2, 
    "model": "catalog.division", 
    "fields": {
        "name": "Information Technology"
    }
},
{
    "pk": 3, 
    "model": "catalog.division", 
    "fields": {
        "name": "Office of State Personnel"
    }
},
{
    "pk": 4, 
    "model": "catalog.division", 
    "fields": {
        "name": "Corporations Division"
    }
},
{
    "pk": 5, 
    "model": "catalog.division", 
    "fields": {
        "name": "Charitable Solicitation Licensing Section"
    }
},
{
    "pk": 6, 
    "model": "catalog.division", 
    "fields": {
        "name": "Lobbying Compliance Division"
    }
},
{
    "pk": 7, 
    "model": "catalog.division", 
    "fields": {
        "name": "Notary Public Section"
    }
},
{
    "pk": 8, 
    "model": "catalog.division", 
    "fields": {
        "name": "Securities Division"
    }
},
{
    "pk": 9, 
    "model": "catalog.division", 
    "fields": {
        "name": "Uniform Commercial Code Section"
    }
},
{
    "pk": 10, 
    "model": "catalog.division", 
    "fields": {
        "name": "Athlete Agent Registration Office"
    }
},
{
    "pk": 11, 
    "model": "catalog.division", 
    "fields": {
        "name": "Authentication Office"
    }
},
{
    "pk": 12, 
    "model": "catalog.division", 
    "fields": {
        "name": "Office of International Services"
    }
},
{
    "pk": 13, 
    "model": "catalog.division", 
    "fields": {
        "name": "Land Records Management Section"
    }
},
{
    "pk": 14, 
    "model": "catalog.division", 
    "fields": {
        "name": "Publications Division"
    }
},
{
    "pk": 15, 
    "model": "catalog.division", 
    "fields": {
        "name": "Trademarks Section"
    }
},
{
    "pk": 16, 
    "model": "catalog.division", 
    "fields": {
        "name": "Certification and Filing Division"
    }
},
{
    "pk": 17, 
    "model": "catalog.division", 
    "fields": {
        "name": "Information Technology Division"
    }
},
{
    "pk": 18, 
    "model": "catalog.division", 
    "fields": {
        "name": "Division of Audits"
    }
},
{
    "pk": 19, 
    "model": "catalog.division", 
    "fields": {
        "name": "Management Information Systems"
    }
},
{
    "pk": 20, 
    "model": "catalog.division", 
    "fields": {
        "name": "Information Systems Audit"
    }
},
{
    "pk": 21, 
    "model": "catalog.division", 
    "fields": {
        "name": "Investigative Division"
    }
},
{
    "pk": 22, 
    "model": "catalog.division", 
    "fields": {
        "name": "Financial Operations"
    }
},
{
    "pk": 23, 
    "model": "catalog.division", 
    "fields": {
        "name": "Investment Management"
    }
},
{
    "pk": 24, 
    "model": "catalog.division", 
    "fields": {
        "name": "Retirement Systems"
    }
},
{
    "pk": 25, 
    "model": "catalog.division", 
    "fields": {
        "name": "State and Local Government Finance Division"
    }
},
{
    "pk": 26, 
    "model": "catalog.division", 
    "fields": {
        "name": "State Health Plan for Teachers and State Employees"
    }
},
{
    "pk": 27, 
    "model": "catalog.division", 
    "fields": {
        "name": "Unclaimed Property and Escheats Division"
    }
},
{
    "pk": 28, 
    "model": "catalog.division", 
    "fields": {
        "name": "Attorney General\u2019s Office"
    }
},
{
    "pk": 29, 
    "model": "catalog.division", 
    "fields": {
        "name": "Legal Services Division"
    }
},
{
    "pk": 30, 
    "model": "catalog.division", 
    "fields": {
        "name": "State Bureau of Investigation"
    }
},
{
    "pk": 31, 
    "model": "catalog.division", 
    "fields": {
        "name": "Sheriffs Training & Standards"
    }
},
{
    "pk": 32, 
    "model": "catalog.division", 
    "fields": {
        "name": "Criminal Justice Training & Standards"
    }
},
{
    "pk": 33, 
    "model": "catalog.division", 
    "fields": {
        "name": "NC Justice Academy"
    }
},
{
    "pk": 34, 
    "model": "catalog.division", 
    "fields": {
        "name": "Private Protective Services"
    }
},
{
    "pk": 35, 
    "model": "catalog.division", 
    "fields": {
        "name": "Alarm Systems Licensing"
    }
},
{
    "pk": 36, 
    "model": "catalog.division", 
    "fields": {
        "name": "Medicaid Fraud Investigations Unit"
    }
},
{
    "pk": 37, 
    "model": "catalog.division", 
    "fields": {
        "name": "Financial Services"
    }
},
{
    "pk": 38, 
    "model": "catalog.division", 
    "fields": {
        "name": "Human Resources"
    }
},
{
    "pk": 39, 
    "model": "catalog.division", 
    "fields": {
        "name": "Administrative Division"
    }
},
{
    "pk": 40, 
    "model": "catalog.division", 
    "fields": {
        "name": "Criminal Division"
    }
},
{
    "pk": 41, 
    "model": "catalog.division", 
    "fields": {
        "name": "Consumer Protection"
    }
},
{
    "pk": 42, 
    "model": "catalog.division", 
    "fields": {
        "name": "Civil Division"
    }
},
{
    "pk": 43, 
    "model": "catalog.division", 
    "fields": {
        "name": "Environmental Division"
    }
},
{
    "pk": 44, 
    "model": "catalog.division", 
    "fields": {
        "name": "Law Enforcement and Prosecutions Division"
    }
},
{
    "pk": 45, 
    "model": "catalog.division", 
    "fields": {
        "name": "Special Litigation DIvision"
    }
},
{
    "pk": 46, 
    "model": "catalog.division", 
    "fields": {
        "name": "Center for Advancement of Teaching"
    }
},
{
    "pk": 47, 
    "model": "catalog.division", 
    "fields": {
        "name": "N.C. Virtual Public School"
    }
},
{
    "pk": 48, 
    "model": "catalog.division", 
    "fields": {
        "name": "Communication and Information Division"
    }
},
{
    "pk": 49, 
    "model": "catalog.division", 
    "fields": {
        "name": "Data, Research and Federal Policy Division"
    }
},
{
    "pk": 50, 
    "model": "catalog.division", 
    "fields": {
        "name": "Race to the Top"
    }
},
{
    "pk": 51, 
    "model": "catalog.division", 
    "fields": {
        "name": "Academic Services and Instructional Support"
    }
},
{
    "pk": 52, 
    "model": "catalog.division", 
    "fields": {
        "name": "Accountability Services"
    }
},
{
    "pk": 53, 
    "model": "catalog.division", 
    "fields": {
        "name": "Career and Technical Education"
    }
},
{
    "pk": 54, 
    "model": "catalog.division", 
    "fields": {
        "name": "Office of Charter Schools"
    }
},
{
    "pk": 55, 
    "model": "catalog.division", 
    "fields": {
        "name": "District and School Transformation Division"
    }
},
{
    "pk": 56, 
    "model": "catalog.division", 
    "fields": {
        "name": "Educator Effectiveness Division"
    }
},
{
    "pk": 57, 
    "model": "catalog.division", 
    "fields": {
        "name": "Exceptional Children Division"
    }
},
{
    "pk": 58, 
    "model": "catalog.division", 
    "fields": {
        "name": "Federal Program Monitoring and Support Services Division"
    }
},
{
    "pk": 59, 
    "model": "catalog.division", 
    "fields": {
        "name": "Financial and Business Services"
    }
},
{
    "pk": 60, 
    "model": "catalog.division", 
    "fields": {
        "name": "Healthy Schools"
    }
},
{
    "pk": 61, 
    "model": "catalog.division", 
    "fields": {
        "name": "Digital Teaching and Learning"
    }
},
{
    "pk": 62, 
    "model": "catalog.division", 
    "fields": {
        "name": "Internal Audit"
    }
},
{
    "pk": 63, 
    "model": "catalog.division", 
    "fields": {
        "name": "IT Program Management Office"
    }
},
{
    "pk": 64, 
    "model": "catalog.division", 
    "fields": {
        "name": "Agricultural Statistics"
    }
},
{
    "pk": 65, 
    "model": "catalog.division", 
    "fields": {
        "name": "Agronomic Services"
    }
},
{
    "pk": 66, 
    "model": "catalog.division", 
    "fields": {
        "name": "Budget & Finance"
    }
},
{
    "pk": 67, 
    "model": "catalog.division", 
    "fields": {
        "name": "Emergency Programs"
    }
},
{
    "pk": 68, 
    "model": "catalog.division", 
    "fields": {
        "name": "Environmental Programs"
    }
},
{
    "pk": 69, 
    "model": "catalog.division", 
    "fields": {
        "name": "Food Distribution"
    }
},
{
    "pk": 70, 
    "model": "catalog.division", 
    "fields": {
        "name": "Food and Drug Protection"
    }
},
{
    "pk": 71, 
    "model": "catalog.division", 
    "fields": {
        "name": "Human Resources Office"
    }
},
{
    "pk": 72, 
    "model": "catalog.division", 
    "fields": {
        "name": "Marketing"
    }
},
{
    "pk": 73, 
    "model": "catalog.division", 
    "fields": {
        "name": "Meat and Poultry Inspection"
    }
},
{
    "pk": 74, 
    "model": "catalog.division", 
    "fields": {
        "name": "Forest Service"
    }
},
{
    "pk": 75, 
    "model": "catalog.division", 
    "fields": {
        "name": "State Fair"
    }
},
{
    "pk": 76, 
    "model": "catalog.division", 
    "fields": {
        "name": "Plant Industry"
    }
},
{
    "pk": 77, 
    "model": "catalog.division", 
    "fields": {
        "name": "Property and Construction"
    }
},
{
    "pk": 78, 
    "model": "catalog.division", 
    "fields": {
        "name": "Public Affairs"
    }
},
{
    "pk": 79, 
    "model": "catalog.division", 
    "fields": {
        "name": "Research Stations"
    }
},
{
    "pk": 80, 
    "model": "catalog.division", 
    "fields": {
        "name": "Small Farms"
    }
},
{
    "pk": 81, 
    "model": "catalog.division", 
    "fields": {
        "name": "Soil and Water Conservation"
    }
},
{
    "pk": 82, 
    "model": "catalog.division", 
    "fields": {
        "name": "Standards"
    }
},
{
    "pk": 83, 
    "model": "catalog.division", 
    "fields": {
        "name": "Structural Pest Control And Pesticides Division"
    }
},
{
    "pk": 84, 
    "model": "catalog.division", 
    "fields": {
        "name": "Veterinary Division"
    }
},
{
    "pk": 85, 
    "model": "catalog.division", 
    "fields": {
        "name": "Office of the State Fire Marshall"
    }
},
{
    "pk": 86, 
    "model": "catalog.division", 
    "fields": {
        "name": "Consumer Services Division"
    }
},
{
    "pk": 87, 
    "model": "catalog.division", 
    "fields": {
        "name": "Health Insurance Smart NC"
    }
},
{
    "pk": 88, 
    "model": "catalog.division", 
    "fields": {
        "name": "Seniors' Health Insurance Information Program (SHIIP/Medicare)"
    }
},
{
    "pk": 89, 
    "model": "catalog.division", 
    "fields": {
        "name": "Criminal Investigations"
    }
},
{
    "pk": 90, 
    "model": "catalog.division", 
    "fields": {
        "name": "Agent Services"
    }
},
{
    "pk": 91, 
    "model": "catalog.division", 
    "fields": {
        "name": "Property and Casualty"
    }
},
{
    "pk": 92, 
    "model": "catalog.division", 
    "fields": {
        "name": "Life and Health"
    }
},
{
    "pk": 93, 
    "model": "catalog.division", 
    "fields": {
        "name": "Market Regulation Division"
    }
},
{
    "pk": 94, 
    "model": "catalog.division", 
    "fields": {
        "name": "Financial Evaluation Division"
    }
},
{
    "pk": 95, 
    "model": "catalog.division", 
    "fields": {
        "name": "Regulatory Actions Division"
    }
},
{
    "pk": 96, 
    "model": "catalog.division", 
    "fields": {
        "name": "Actuarial Services Division"
    }
},
{
    "pk": 97, 
    "model": "catalog.division", 
    "fields": {
        "name": "Legislative Services Office"
    }
},
{
    "pk": 98, 
    "model": "catalog.division", 
    "fields": {
        "name": "Engineering and Codes Division"
    }
},
{
    "pk": 99, 
    "model": "catalog.division", 
    "fields": {
        "name": "Risk Management Division"
    }
},
{
    "pk": 100, 
    "model": "catalog.division", 
    "fields": {
        "name": "Manufactured Building Division"
    }
},
{
    "pk": 101, 
    "model": "catalog.division", 
    "fields": {
        "name": "Fire and Rescue Commission"
    }
},
{
    "pk": 102, 
    "model": "catalog.division", 
    "fields": {
        "name": "Fire and Rescue Training"
    }
},
{
    "pk": 103, 
    "model": "catalog.division", 
    "fields": {
        "name": "Safe Kids North Carolina"
    }
},
{
    "pk": 104, 
    "model": "catalog.division", 
    "fields": {
        "name": "Ratings and Inspections Division"
    }
},
{
    "pk": 105, 
    "model": "catalog.division", 
    "fields": {
        "name": "Research and Program Development Division"
    }
},
{
    "pk": 106, 
    "model": "catalog.division", 
    "fields": {
        "name": "Occupational Safety and Health Division"
    }
},
{
    "pk": 107, 
    "model": "catalog.division", 
    "fields": {
        "name": "Communications Division"
    }
},
{
    "pk": 108, 
    "model": "catalog.division", 
    "fields": {
        "name": "Individual Development Accounts (IDA) Program"
    }
},
{
    "pk": 109, 
    "model": "catalog.division", 
    "fields": {
        "name": "Legal Affairs Division"
    }
},
{
    "pk": 110, 
    "model": "catalog.division", 
    "fields": {
        "name": "Research and Policy Division"
    }
},
{
    "pk": 111, 
    "model": "catalog.division", 
    "fields": {
        "name": "N.C. Department of Labor Library"
    }
},
{
    "pk": 112, 
    "model": "catalog.division", 
    "fields": {
        "name": "Apprenticeship and Training Bureau"
    }
},
{
    "pk": 113, 
    "model": "catalog.division", 
    "fields": {
        "name": "Boiler Safety Bureau"
    }
},
{
    "pk": 114, 
    "model": "catalog.division", 
    "fields": {
        "name": "Elevator and Amusement Device standards and inspections"
    }
},
{
    "pk": 115, 
    "model": "catalog.division", 
    "fields": {
        "name": "Employment Discrimination Bureau"
    }
},
{
    "pk": 116, 
    "model": "catalog.division", 
    "fields": {
        "name": "Mine and Quarry Bureau"
    }
},
{
    "pk": 117, 
    "model": "catalog.division", 
    "fields": {
        "name": "Wage and Hour Bureau"
    }
},
{
    "pk": 118, 
    "model": "catalog.division", 
    "fields": {
        "name": "Office of the Secretary"
    }
},
{
    "pk": 119, 
    "model": "catalog.division", 
    "fields": {
        "name": "Division of Surplus Property"
    }
},
{
    "pk": 120, 
    "model": "catalog.division", 
    "fields": {
        "name": "Purchase and Contract Division"
    }
},
{
    "pk": 121, 
    "model": "catalog.division", 
    "fields": {
        "name": "Office for Historically Underutilitized Businesses"
    }
},
{
    "pk": 122, 
    "model": "catalog.division", 
    "fields": {
        "name": "Commission of Indian Affairs"
    }
},
{
    "pk": 123, 
    "model": "catalog.division", 
    "fields": {
        "name": "Council for Women"
    }
},
{
    "pk": 124, 
    "model": "catalog.division", 
    "fields": {
        "name": "Youth Advocacy and Involvement Office"
    }
},
{
    "pk": 125, 
    "model": "catalog.division", 
    "fields": {
        "name": "Division of Non-Public Education"
    }
},
{
    "pk": 126, 
    "model": "catalog.division", 
    "fields": {
        "name": "State Parking"
    }
},
{
    "pk": 127, 
    "model": "catalog.division", 
    "fields": {
        "name": "State Property Office"
    }
},
{
    "pk": 128, 
    "model": "catalog.division", 
    "fields": {
        "name": "State Construction Office"
    }
},
{
    "pk": 129, 
    "model": "catalog.division", 
    "fields": {
        "name": "Human Relations Commission"
    }
},
{
    "pk": 130, 
    "model": "catalog.division", 
    "fields": {
        "name": "Division of Veterans Affairs"
    }
},
{
    "pk": 131, 
    "model": "catalog.division", 
    "fields": {
        "name": "Motor Fleet Management"
    }
},
{
    "pk": 132, 
    "model": "catalog.division", 
    "fields": {
        "name": "Justice for Sterlization Victims Foundation"
    }
},
{
    "pk": 133, 
    "model": "catalog.division", 
    "fields": {
        "name": "Facility Management"
    }
},
{
    "pk": 134, 
    "model": "catalog.division", 
    "fields": {
        "name": "Mail Service Center"
    }
},
{
    "pk": 135, 
    "model": "catalog.division", 
    "fields": {
        "name": "Office of Fiscal Management"
    }
},
{
    "pk": 136, 
    "model": "catalog.division", 
    "fields": {
        "name": "License to Give Trust Fund"
    }
},
{
    "pk": 137, 
    "model": "catalog.division", 
    "fields": {
        "name": "Fiscal Management Division"
    }
},
{
    "pk": 138, 
    "model": "catalog.division", 
    "fields": {
        "name": "Division of Employment Security"
    }
},
{
    "pk": 139, 
    "model": "catalog.division", 
    "fields": {
        "name": "Business and Industry Division"
    }
},
{
    "pk": 140, 
    "model": "catalog.division", 
    "fields": {
        "name": "Division of Community Assistance"
    }
},
{
    "pk": 141, 
    "model": "catalog.division", 
    "fields": {
        "name": "Energy Division"
    }
},
{
    "pk": 142, 
    "model": "catalog.division", 
    "fields": {
        "name": "N.C. Film Office/Film Council"
    }
},
{
    "pk": 143, 
    "model": "catalog.division", 
    "fields": {
        "name": "International Trade Division"
    }
},
{
    "pk": 144, 
    "model": "catalog.division", 
    "fields": {
        "name": "Labor and Economic Analysis Division"
    }
},
{
    "pk": 145, 
    "model": "catalog.division", 
    "fields": {
        "name": "Office of Science & Technology"
    }
},
{
    "pk": 146, 
    "model": "catalog.division", 
    "fields": {
        "name": "Division of Tourism, Film, and Sports Development "
    }
},
{
    "pk": 147, 
    "model": "catalog.division", 
    "fields": {
        "name": "Division of Workforce Solutions"
    }
},
{
    "pk": 148, 
    "model": "catalog.division", 
    "fields": {
        "name": "Board of Science & Technology"
    }
},
{
    "pk": 149, 
    "model": "catalog.division", 
    "fields": {
        "name": " Commission on Workforce Development"
    }
},
{
    "pk": 150, 
    "model": "catalog.division", 
    "fields": {
        "name": "Economic Development Board"
    }
},
{
    "pk": 151, 
    "model": "catalog.division", 
    "fields": {
        "name": "Alcoholic Beverage Control Commission"
    }
},
{
    "pk": 152, 
    "model": "catalog.division", 
    "fields": {
        "name": "Banking Commission"
    }
},
{
    "pk": 153, 
    "model": "catalog.division", 
    "fields": {
        "name": "Community Development Council"
    }
},
{
    "pk": 154, 
    "model": "catalog.division", 
    "fields": {
        "name": "Credit Union Division"
    }
},
{
    "pk": 155, 
    "model": "catalog.division", 
    "fields": {
        "name": "Energy Policy Council"
    }
},
{
    "pk": 156, 
    "model": "catalog.division", 
    "fields": {
        "name": "Industrial Commission"
    }
},
{
    "pk": 157, 
    "model": "catalog.division", 
    "fields": {
        "name": "Utilities Commission"
    }
},
{
    "pk": 158, 
    "model": "catalog.division", 
    "fields": {
        "name": "Rural Electrification Authority"
    }
},
{
    "pk": 159, 
    "model": "catalog.division", 
    "fields": {
        "name": "Travel and Tourism Board"
    }
},
{
    "pk": 160, 
    "model": "catalog.division", 
    "fields": {
        "name": "Office of the Commissioner for Small Business"
    }
},
{
    "pk": 161, 
    "model": "catalog.division", 
    "fields": {
        "name": "NC Rural Development Council"
    }
},
{
    "pk": 162, 
    "model": "catalog.division", 
    "fields": {
        "name": "Commerce Finance Center"
    }
},
{
    "pk": 163, 
    "model": "catalog.division", 
    "fields": {
        "name": "Marketing and Customer Services Division"
    }
},
{
    "pk": 164, 
    "model": "catalog.division", 
    "fields": {
        "name": "Policy, Research and Strategic Planning Division"
    }
},
{
    "pk": 165, 
    "model": "catalog.division", 
    "fields": {
        "name": "Cemetary Commission"
    }
},
{
    "pk": 166, 
    "model": "catalog.division", 
    "fields": {
        "name": "State Ports Authority"
    }
},
{
    "pk": 167, 
    "model": "catalog.division", 
    "fields": {
        "name": "Archives and Records"
    }
},
{
    "pk": 168, 
    "model": "catalog.division", 
    "fields": {
        "name": "Division of State History Museums"
    }
},
{
    "pk": 169, 
    "model": "catalog.division", 
    "fields": {
        "name": "Division of State Historic Sites"
    }
},
{
    "pk": 170, 
    "model": "catalog.division", 
    "fields": {
        "name": "Division of Historical Resources"
    }
},
{
    "pk": 171, 
    "model": "catalog.division", 
    "fields": {
        "name": "N.C. Museum of Art"
    }
},
{
    "pk": 172, 
    "model": "catalog.division", 
    "fields": {
        "name": "N.C. Arts Council"
    }
},
{
    "pk": 173, 
    "model": "catalog.division", 
    "fields": {
        "name": "Southeastern Center for Contemporary Art"
    }
},
{
    "pk": 174, 
    "model": "catalog.division", 
    "fields": {
        "name": "N.C. Symphony"
    }
},
{
    "pk": 175, 
    "model": "catalog.division", 
    "fields": {
        "name": "State Library of North Carolina"
    }
},
{
    "pk": 176, 
    "model": "catalog.division", 
    "fields": {
        "name": "Office of State Archeology"
    }
},
{
    "pk": 177, 
    "model": "catalog.division", 
    "fields": {
        "name": "Historic Preservation Office"
    }
},
{
    "pk": 178, 
    "model": "catalog.division", 
    "fields": {
        "name": "Historical Publications"
    }
},
{
    "pk": 179, 
    "model": "catalog.division", 
    "fields": {
        "name": "N.C. Maritime Museums"
    }
},
{
    "pk": 180, 
    "model": "catalog.division", 
    "fields": {
        "name": "Library for the Blind and Physically Handicapped"
    }
},
{
    "pk": 181, 
    "model": "catalog.division", 
    "fields": {
        "name": "General Counsel"
    }
},
{
    "pk": 182, 
    "model": "catalog.division", 
    "fields": {
        "name": "Ombudsman"
    }
},
{
    "pk": 183, 
    "model": "catalog.division", 
    "fields": {
        "name": "Division of Water Infrastructure"
    }
},
{
    "pk": 184, 
    "model": "catalog.division", 
    "fields": {
        "name": "Information Technology Services"
    }
},
{
    "pk": 185, 
    "model": "catalog.division", 
    "fields": {
        "name": "Budget & Planning"
    }
},
{
    "pk": 186, 
    "model": "catalog.division", 
    "fields": {
        "name": "Controller"
    }
},
{
    "pk": 187, 
    "model": "catalog.division", 
    "fields": {
        "name": "Purchase and Contracts"
    }
},
{
    "pk": 188, 
    "model": "catalog.division", 
    "fields": {
        "name": "Property Management"
    }
},
{
    "pk": 189, 
    "model": "catalog.division", 
    "fields": {
        "name": "Division of Air Quality"
    }
},
{
    "pk": 190, 
    "model": "catalog.division", 
    "fields": {
        "name": "N.C. Aquariums"
    }
},
{
    "pk": 191, 
    "model": "catalog.division", 
    "fields": {
        "name": "Office of Conservation, Planning and Community Affairs"
    }
},
{
    "pk": 192, 
    "model": "catalog.division", 
    "fields": {
        "name": "Environmental Assistance Center"
    }
},
{
    "pk": 193, 
    "model": "catalog.division", 
    "fields": {
        "name": "Office of Environmental Education and Public Affairs"
    }
},
{
    "pk": 194, 
    "model": "catalog.division", 
    "fields": {
        "name": "Division of Energy, Mineral and Land Resources"
    }
},
{
    "pk": 195, 
    "model": "catalog.division", 
    "fields": {
        "name": "Legislative and Intergovernmental Affairs office"
    }
},
{
    "pk": 196, 
    "model": "catalog.division", 
    "fields": {
        "name": "Division of Marine Fisheries"
    }
},
{
    "pk": 197, 
    "model": "catalog.division", 
    "fields": {
        "name": "Museum of Natural Sciences"
    }
},
{
    "pk": 198, 
    "model": "catalog.division", 
    "fields": {
        "name": "Division of Parks and Recreation"
    }
},
{
    "pk": 199, 
    "model": "catalog.division", 
    "fields": {
        "name": "Division of Waste Management"
    }
},
{
    "pk": 200, 
    "model": "catalog.division", 
    "fields": {
        "name": "Division of Water Resources (including Division of Water Quality)"
    }
},
{
    "pk": 201, 
    "model": "catalog.division", 
    "fields": {
        "name": "N.C. Zoo"
    }
},
{
    "pk": 202, 
    "model": "catalog.division", 
    "fields": {
        "name": "Financial Services Division"
    }
},
{
    "pk": 203, 
    "model": "catalog.division", 
    "fields": {
        "name": "Albemarle-Pamlico National Estuary Partnership"
    }
},
{
    "pk": 204, 
    "model": "catalog.division", 
    "fields": {
        "name": "Clean Water Management Trust Fund"
    }
},
{
    "pk": 205, 
    "model": "catalog.division", 
    "fields": {
        "name": "Division of Coastal Management"
    }
},
{
    "pk": 206, 
    "model": "catalog.division", 
    "fields": {
        "name": "Environmental Management Commission"
    }
},
{
    "pk": 207, 
    "model": "catalog.division", 
    "fields": {
        "name": "Mining and Energy Commission"
    }
},
{
    "pk": 208, 
    "model": "catalog.division", 
    "fields": {
        "name": "Natural Heritage Trust Fund"
    }
},
{
    "pk": 209, 
    "model": "catalog.division", 
    "fields": {
        "name": "Ecosystem Enhancement Program"
    }
},
{
    "pk": 210, 
    "model": "catalog.division", 
    "fields": {
        "name": "Wildlife Resources Commission"
    }
},
{
    "pk": 211, 
    "model": "catalog.division", 
    "fields": {
        "name": "Aging and Adult Services"
    }
},
{
    "pk": 212, 
    "model": "catalog.division", 
    "fields": {
        "name": "Services for the Blind"
    }
},
{
    "pk": 213, 
    "model": "catalog.division", 
    "fields": {
        "name": "Child Development and Early Education"
    }
},
{
    "pk": 214, 
    "model": "catalog.division", 
    "fields": {
        "name": "Services for the Deaf and Hard of Hearing"
    }
},
{
    "pk": 215, 
    "model": "catalog.division", 
    "fields": {
        "name": "Council on Developmental Disabilities"
    }
},
{
    "pk": 216, 
    "model": "catalog.division", 
    "fields": {
        "name": "Office of Economic Opportunity"
    }
},
{
    "pk": 217, 
    "model": "catalog.division", 
    "fields": {
        "name": "Education Services"
    }
},
{
    "pk": 218, 
    "model": "catalog.division", 
    "fields": {
        "name": "Division of Public Health (including vital records and environmental health)"
    }
},
{
    "pk": 219, 
    "model": "catalog.division", 
    "fields": {
        "name": "Division of Health Service Regulation"
    }
},
{
    "pk": 220, 
    "model": "catalog.division", 
    "fields": {
        "name": "Division of Medical Assistance"
    }
},
{
    "pk": 221, 
    "model": "catalog.division", 
    "fields": {
        "name": "Division of Mental Health, Developmental Disabilities, and Substance Abuse Services"
    }
},
{
    "pk": 222, 
    "model": "catalog.division", 
    "fields": {
        "name": "Office of Rural Health and Community Care"
    }
},
{
    "pk": 223, 
    "model": "catalog.division", 
    "fields": {
        "name": "Division of Social Services"
    }
},
{
    "pk": 224, 
    "model": "catalog.division", 
    "fields": {
        "name": "State Center for Health Statistics"
    }
},
{
    "pk": 225, 
    "model": "catalog.division", 
    "fields": {
        "name": "Division of State Operated Healthcare Facilities"
    }
},
{
    "pk": 226, 
    "model": "catalog.division", 
    "fields": {
        "name": "Division of Budget and Analysis"
    }
},
{
    "pk": 227, 
    "model": "catalog.division", 
    "fields": {
        "name": "Office of the Controller"
    }
},
{
    "pk": 228, 
    "model": "catalog.division", 
    "fields": {
        "name": "Division of Human Resources"
    }
},
{
    "pk": 229, 
    "model": "catalog.division", 
    "fields": {
        "name": "Intergovernmental Relations"
    }
},
{
    "pk": 230, 
    "model": "catalog.division", 
    "fields": {
        "name": "Division of Information Resource Management"
    }
},
{
    "pk": 231, 
    "model": "catalog.division", 
    "fields": {
        "name": "Office of Medicaid Management Information System Services"
    }
},
{
    "pk": 232, 
    "model": "catalog.division", 
    "fields": {
        "name": "Office of Privacy and Security"
    }
},
{
    "pk": 233, 
    "model": "catalog.division", 
    "fields": {
        "name": "Office of Procurement and Contract Services"
    }
},
{
    "pk": 234, 
    "model": "catalog.division", 
    "fields": {
        "name": "Office of Public Affairs"
    }
},
{
    "pk": 235, 
    "model": "catalog.division", 
    "fields": {
        "name": "Division of Adult Correction"
    }
},
{
    "pk": 236, 
    "model": "catalog.division", 
    "fields": {
        "name": "Alcoholism and Chemical Dependency Programs"
    }
},
{
    "pk": 237, 
    "model": "catalog.division", 
    "fields": {
        "name": "North Carolina Correction Enterprises\n"
    }
},
{
    "pk": 238, 
    "model": "catalog.division", 
    "fields": {
        "name": "\nCommunity Corrections\n"
    }
},
{
    "pk": 239, 
    "model": "catalog.division", 
    "fields": {
        "name": "North Carolina Inmate Grievance Resolution Board"
    }
},
{
    "pk": 240, 
    "model": "catalog.division", 
    "fields": {
        "name": "Post Release Supervision and Parole Commission"
    }
},
{
    "pk": 241, 
    "model": "catalog.division", 
    "fields": {
        "name": "Prisons"
    }
},
{
    "pk": 242, 
    "model": "catalog.division", 
    "fields": {
        "name": "Division of Juvenile Justice"
    }
},
{
    "pk": 243, 
    "model": "catalog.division", 
    "fields": {
        "name": "Division of Law Enforcement"
    }
},
{
    "pk": 244, 
    "model": "catalog.division", 
    "fields": {
        "name": "Emergency Management"
    }
},
{
    "pk": 245, 
    "model": "catalog.division", 
    "fields": {
        "name": "Boxing Authority"
    }
},
{
    "pk": 246, 
    "model": "catalog.division", 
    "fields": {
        "name": "Civil Air Patrol"
    }
},
{
    "pk": 247, 
    "model": "catalog.division", 
    "fields": {
        "name": "National Guard"
    }
},
{
    "pk": 248, 
    "model": "catalog.division", 
    "fields": {
        "name": "Butner Public Safety"
    }
},
{
    "pk": 249, 
    "model": "catalog.division", 
    "fields": {
        "name": "State Capitol Police"
    }
},
{
    "pk": 250, 
    "model": "catalog.division", 
    "fields": {
        "name": "State Highway Patrol"
    }
},
{
    "pk": 251, 
    "model": "catalog.division", 
    "fields": {
        "name": "Governor's Crime Commission"
    }
},
{
    "pk": 252, 
    "model": "catalog.division", 
    "fields": {
        "name": "Victim's Services"
    }
},
{
    "pk": 253, 
    "model": "catalog.division", 
    "fields": {
        "name": "Internal Audit Division"
    }
},
{
    "pk": 254, 
    "model": "catalog.division", 
    "fields": {
        "name": "Business Operations Division"
    }
},
{
    "pk": 255, 
    "model": "catalog.division", 
    "fields": {
        "name": "Collection Division"
    }
},
{
    "pk": 256, 
    "model": "catalog.division", 
    "fields": {
        "name": "Examinations Division"
    }
},
{
    "pk": 257, 
    "model": "catalog.division", 
    "fields": {
        "name": "Special Corporate Compliance Initiatives Division"
    }
},
{
    "pk": 258, 
    "model": "catalog.division", 
    "fields": {
        "name": "Tax Enforcement Division"
    }
},
{
    "pk": 259, 
    "model": "catalog.division", 
    "fields": {
        "name": "Excise Tax Division"
    }
},
{
    "pk": 260, 
    "model": "catalog.division", 
    "fields": {
        "name": "Income Tax Division"
    }
},
{
    "pk": 261, 
    "model": "catalog.division", 
    "fields": {
        "name": "Local Government Division"
    }
},
{
    "pk": 262, 
    "model": "catalog.division", 
    "fields": {
        "name": "Sales and Use Tax Division"
    }
},
{
    "pk": 263, 
    "model": "catalog.division", 
    "fields": {
        "name": "Taxpayer Assistance"
    }
},
{
    "pk": 264, 
    "model": "catalog.division", 
    "fields": {
        "name": "Applications Development and Support Division"
    }
},
{
    "pk": 265, 
    "model": "catalog.division", 
    "fields": {
        "name": "Business Support Services Division"
    }
},
{
    "pk": 266, 
    "model": "catalog.division", 
    "fields": {
        "name": "Contract Administration"
    }
},
{
    "pk": 267, 
    "model": "catalog.division", 
    "fields": {
        "name": "Enterprise Project Management Division"
    }
},
{
    "pk": 268, 
    "model": "catalog.division", 
    "fields": {
        "name": "Information Security Division"
    }
},
{
    "pk": 269, 
    "model": "catalog.division", 
    "fields": {
        "name": "Technology Services and Support"
    }
},
{
    "pk": 270, 
    "model": "catalog.division", 
    "fields": {
        "name": "Documents and Payments Processing Division"
    }
},
{
    "pk": 271, 
    "model": "catalog.division", 
    "fields": {
        "name": "Human Resources Division"
    }
},
{
    "pk": 272, 
    "model": "catalog.division", 
    "fields": {
        "name": "Business Solutions Division"
    }
},
{
    "pk": 273, 
    "model": "catalog.division", 
    "fields": {
        "name": "Division of Motor Vehicles"
    }
},
{
    "pk": 274, 
    "model": "catalog.division", 
    "fields": {
        "name": "Facilities Management"
    }
},
{
    "pk": 275, 
    "model": "catalog.division", 
    "fields": {
        "name": "Support Services"
    }
},
{
    "pk": 276, 
    "model": "catalog.division", 
    "fields": {
        "name": "Division of Highways"
    }
},
{
    "pk": 277, 
    "model": "catalog.division", 
    "fields": {
        "name": "Prioritization Office"
    }
},
{
    "pk": 278, 
    "model": "catalog.division", 
    "fields": {
        "name": "Program Development Branch"
    }
},
{
    "pk": 279, 
    "model": "catalog.division", 
    "fields": {
        "name": "Technical Services"
    }
},
{
    "pk": 280, 
    "model": "catalog.division", 
    "fields": {
        "name": "Rail Division"
    }
},
{
    "pk": 281, 
    "model": "catalog.division", 
    "fields": {
        "name": "Division of Aviation"
    }
},
{
    "pk": 282, 
    "model": "catalog.division", 
    "fields": {
        "name": "Ferry Division"
    }
},
{
    "pk": 283, 
    "model": "catalog.division", 
    "fields": {
        "name": "Public Transportation Division"
    }
},
{
    "pk": 284, 
    "model": "catalog.division", 
    "fields": {
        "name": "Bicycle and Pedestrian Division"
    }
},
{
    "pk": 285, 
    "model": "catalog.division", 
    "fields": {
        "name": "Turnpike Authority"
    }
},
{
    "pk": 286, 
    "model": "catalog.division", 
    "fields": {
        "name": "Financial Management Division"
    }
},
{
    "pk": 287, 
    "model": "catalog.division", 
    "fields": {
        "name": "Intergovernmental Affairs and Budget Coordination"
    }
},
{
    "pk": 288, 
    "model": "catalog.division", 
    "fields": {
        "name": "Strategic Planning"
    }
},
{
    "pk": 289, 
    "model": "catalog.division", 
    "fields": {
        "name": "Attorney General's Office"
    }
},
{
    "pk": 290, 
    "model": "catalog.division", 
    "fields": {
        "name": "Communications Office"
    }
},
{
    "pk": 291, 
    "model": "catalog.division", 
    "fields": {
        "name": "Governance Office"
    }
},
{
    "pk": 292, 
    "model": "catalog.division", 
    "fields": {
        "name": "Office of Inspector General"
    }
},
{
    "pk": 293, 
    "model": "catalog.division", 
    "fields": {
        "name": "Administration"
    }
},
{
    "pk": 294, 
    "model": "catalog.division", 
    "fields": {
        "name": "Personnel"
    }
},
{
    "pk": 295, 
    "model": "catalog.division", 
    "fields": {
        "name": "Business Services"
    }
},
{
    "pk": 296, 
    "model": "catalog.division", 
    "fields": {
        "name": "Communications and Government Relations"
    }
},
{
    "pk": 297, 
    "model": "catalog.division", 
    "fields": {
        "name": "Risk Mitigation Services"
    }
},
{
    "pk": 298, 
    "model": "catalog.division", 
    "fields": {
        "name": "Data Integration"
    }
},
{
    "pk": 299, 
    "model": "catalog.division", 
    "fields": {
        "name": "CJLeads"
    }
},
{
    "pk": 300, 
    "model": "catalog.division", 
    "fields": {
        "name": "Fraud, Waste and Abuse"
    }
},
{
    "pk": 301, 
    "model": "catalog.division", 
    "fields": {
        "name": "Government Business Intelligence Competency Center"
    }
},
{
    "pk": 302, 
    "model": "catalog.division", 
    "fields": {
        "name": "Executive Division"
    }
},
{
    "pk": 303, 
    "model": "catalog.division", 
    "fields": {
        "name": "Elections Administration"
    }
},
{
    "pk": 304, 
    "model": "catalog.division", 
    "fields": {
        "name": "Campaign Finance"
    }
},
{
    "pk": 305, 
    "model": "catalog.division", 
    "fields": {
        "name": "Voting Systems Division"
    }
},
{
    "pk": 306, 
    "model": "catalog.division", 
    "fields": {
        "name": "Director's Office"
    }
},
{
    "pk": 307, 
    "model": "catalog.division", 
    "fields": {
        "name": "Deputy Director's Office"
    }
},
{
    "pk": 308, 
    "model": "catalog.division", 
    "fields": {
        "name": "Classification & Compensation"
    }
},
{
    "pk": 309, 
    "model": "catalog.division", 
    "fields": {
        "name": "Equal Employment Opportunity, Diversity and Inclusion"
    }
},
{
    "pk": 310, 
    "model": "catalog.division", 
    "fields": {
        "name": "Employee Relations and Local Government"
    }
},
{
    "pk": 311, 
    "model": "catalog.division", 
    "fields": {
        "name": "Learning & Development"
    }
},
{
    "pk": 312, 
    "model": "catalog.division", 
    "fields": {
        "name": "Operations and Benefits"
    }
},
{
    "pk": 313, 
    "model": "catalog.division", 
    "fields": {
        "name": "Recruitment and Staffing"
    }
},
{
    "pk": 314, 
    "model": "catalog.division", 
    "fields": {
        "name": "Appalacian State University"
    }
},
{
    "pk": 315, 
    "model": "catalog.division", 
    "fields": {
        "name": " East Carolina University"
    }
},
{
    "pk": 316, 
    "model": "catalog.division", 
    "fields": {
        "name": "Fayetteville State University"
    }
},
{
    "pk": 317, 
    "model": "catalog.division", 
    "fields": {
        "name": "Elizabeth City State University"
    }
},
{
    "pk": 318, 
    "model": "catalog.division", 
    "fields": {
        "name": "NC Agricultural and Technical State University"
    }
},
{
    "pk": 319, 
    "model": "catalog.division", 
    "fields": {
        "name": "North Carolina Central University"
    }
},
{
    "pk": 320, 
    "model": "catalog.division", 
    "fields": {
        "name": " NC State University"
    }
},
{
    "pk": 321, 
    "model": "catalog.division", 
    "fields": {
        "name": " UNC Asheville"
    }
},
{
    "pk": 322, 
    "model": "catalog.division", 
    "fields": {
        "name": " UNC-Chapel Hill"
    }
},
{
    "pk": 323, 
    "model": "catalog.division", 
    "fields": {
        "name": " UNC Charlotte"
    }
},
{
    "pk": 324, 
    "model": "catalog.division", 
    "fields": {
        "name": " UNC Greensboro"
    }
},
{
    "pk": 325, 
    "model": "catalog.division", 
    "fields": {
        "name": " UNC Pembroke"
    }
},
{
    "pk": 326, 
    "model": "catalog.division", 
    "fields": {
        "name": " UNC Wilmington"
    }
},
{
    "pk": 327, 
    "model": "catalog.division", 
    "fields": {
        "name": " UNC School of the Arts"
    }
},
{
    "pk": 328, 
    "model": "catalog.division", 
    "fields": {
        "name": " Western Carolina University"
    }
},
{
    "pk": 329, 
    "model": "catalog.division", 
    "fields": {
        "name": " Winston-Salem State University"
    }
},
{
    "pk": 330, 
    "model": "catalog.division", 
    "fields": {
        "name": " North Carolina School of Science and Mathematics"
    }
},
{
    "pk": 331, 
    "model": "catalog.division", 
    "fields": {
        "name": "UNC Center for Public Television (UNC-TV)"
    }
},
{
    "pk": 332, 
    "model": "catalog.division", 
    "fields": {
        "name": "The North Carolina Arboretum"
    }
},
{
    "pk": 333, 
    "model": "catalog.division", 
    "fields": {
        "name": "The North Carolina State Approving Agency (NCSAA)"
    }
},
{
    "pk": 334, 
    "model": "catalog.division", 
    "fields": {
        "name": "The North Carolina Center for International Understanding (NCCIU)"
    }
},
{
    "pk": 335, 
    "model": "catalog.division", 
    "fields": {
        "name": "The North Carolina State Education Assistance Authority (NCSEAA)"
    }
},
{
    "pk": 336, 
    "model": "catalog.division", 
    "fields": {
        "name": "North Carolina Center for the Advancement of Teaching (NCCAT)"
    }
},
{
    "pk": 337, 
    "model": "catalog.division", 
    "fields": {
        "name": "UNC Press"
    }
},
{
    "pk": 338, 
    "model": "catalog.division", 
    "fields": {
        "name": "UNC Health Care System"
    }
},
{
    "pk": 339, 
    "model": "catalog.division", 
    "fields": {
        "name": "N.C. Area Health Education Centers Program"
    }
},
{
    "pk": 340, 
    "model": "catalog.division", 
    "fields": {
        "name": "Rules Division"
    }
},
{
    "pk": 341, 
    "model": "catalog.division", 
    "fields": {
        "name": "Hearings Division"
    }
},
{
    "pk": 342, 
    "model": "catalog.division", 
    "fields": {
        "name": "Civil Rights Division"
    }
},
{
    "pk": 343, 
    "model": "catalog.division", 
    "fields": {
        "name": "Court Programs and Management Services Division"
    }
},
{
    "pk": 344, 
    "model": "catalog.division", 
    "fields": {
        "name": "Court Services Division"
    }
},
{
    "pk": 345, 
    "model": "catalog.division", 
    "fields": {
        "name": "Guardian ad Litem"
    }
},
{
    "pk": 346, 
    "model": "catalog.division", 
    "fields": {
        "name": "Legal and Legislative Services"
    }
},
{
    "pk": 347, 
    "model": "catalog.division", 
    "fields": {
        "name": "Organizational Development Division"
    }
},
{
    "pk": 348, 
    "model": "catalog.division", 
    "fields": {
        "name": "Purchasing Office"
    }
},
{
    "pk": 349, 
    "model": "catalog.division", 
    "fields": {
        "name": "Research and Planning Division"
    }
},
{
    "pk": 350, 
    "model": "catalog.division", 
    "fields": {
        "name": "Technology Services Division"
    }
},
{
    "pk": 351, 
    "model": "catalog.division", 
    "fields": {
        "name": "Legislative Services"
    }
},
{
    "pk": 352, 
    "model": "catalog.division", 
    "fields": {
        "name": "Bill Drafting Division"
    }
},
{
    "pk": 353, 
    "model": "catalog.division", 
    "fields": {
        "name": "Fiscal Research Division"
    }
},
{
    "pk": 354, 
    "model": "catalog.division", 
    "fields": {
        "name": "Information Systems Division"
    }
},
{
    "pk": 355, 
    "model": "catalog.division", 
    "fields": {
        "name": "Program Evaluation Division"
    }
},
{
    "pk": 356, 
    "model": "catalog.division", 
    "fields": {
        "name": "Research Division"
    }
},
{
    "pk": 1, 
    "model": "catalog.urltype", 
    "fields": {
        "url_type": "HTML"
    }
},
{
    "pk": 2, 
    "model": "catalog.urltype", 
    "fields": {
        "url_type": "XML"
    }
},
{
    "pk": 3, 
    "model": "catalog.urltype", 
    "fields": {
        "url_type": "WMS"
    }
},
{
    "pk": 4, 
    "model": "catalog.urltype", 
    "fields": {
        "url_type": "WCS"
    }
},
{
    "pk": 5, 
    "model": "catalog.urltype", 
    "fields": {
        "url_type": "TIFF"
    }
},
{
    "pk": 6, 
    "model": "catalog.urltype", 
    "fields": {
        "url_type": "ZIP"
    }
},
{
    "pk": 7, 
    "model": "catalog.urltype", 
    "fields": {
        "url_type": "MrSID"
    }
},
{
    "pk": 8, 
    "model": "catalog.urltype", 
    "fields": {
        "url_type": "KML"
    }
},
{
    "pk": 9, 
    "model": "catalog.urltype", 
    "fields": {
        "url_type": "CSV"
    }
},
{
    "pk": 10, 
    "model": "catalog.urltype", 
    "fields": {
        "url_type": "WFS"
    }
},
{
    "pk": 11, 
    "model": "catalog.urltype", 
    "fields": {
        "url_type": "Excel"
    }
},
{
    "pk": 12, 
    "model": "catalog.urltype", 
    "fields": {
        "url_type": "JSON"
    }
},
{
    "pk": 13, 
    "model": "catalog.urltype", 
    "fields": {
        "url_type": "PDF"
    }
},
{
    "pk": 14, 
    "model": "catalog.urltype", 
    "fields": {
        "url_type": "XLS"
    }
},
{
    "pk": 1, 
    "model": "catalog.datatype", 
    "fields": {
        "name": "DATA"
    }
},
{
    "pk": 2, 
    "model": "catalog.datatype", 
    "fields": {
        "name": "API"
    }
},
{
    "pk": 3, 
    "model": "catalog.datatype", 
    "fields": {
        "name": "APP"
    }
},
{
    "pk": 1, 
    "model": "catalog.updatefrequency", 
    "fields": {
        "update_frequency": "At least once a day"
    }
},
{
    "pk": 2, 
    "model": "catalog.updatefrequency", 
    "fields": {
        "update_frequency": "At least once a week"
    }
},
{
    "pk": 3, 
    "model": "catalog.updatefrequency", 
    "fields": {
        "update_frequency": "At least once a month"
    }
},
{
    "pk": 4, 
    "model": "catalog.updatefrequency", 
    "fields": {
        "update_frequency": "At least once a year"
    }
},
{
    "pk": 5, 
    "model": "catalog.updatefrequency", 
    "fields": {
        "update_frequency": "It is not updated after it's created"
    }
}
]
